#{"t_start": 1768143724.9754949, "env_id": "highway-v0"}
r,l,t
27.75473,40,18.966526
29.951927,40,37.51607
11.375639,13,43.697739
29.553343,40,62.517993
3.287136,5,64.844701
29.714892,40,83.357842
28.386624,40,101.930104
13.558916,16,109.407448
28.826165,40,128.18708
30.197115,40,146.816606
32.059325,40,165.397537
31.185248,40,183.965238
29.855222,40,202.734252
11.849856,13,208.712037
8.944886,10,213.338676
4.788796,7,216.635212
28.703987,40,235.455886
15.764157,17,243.662935
6.943561,9,247.879767
7.652446,10,252.586258
28.862824,40,271.239709
33.34676,40,289.981776
5.634262,7,293.323261
12.546893,15,300.416071
25.44253,32,315.51921
19.502366,22,325.915544
6.55828,8,329.721717
27.849576,40,348.889768
13.945085,15,355.960603
4.806928,6,358.829341
12.057922,13,365.007304
26.828131,40,384.034306
2.034755,3,385.470016
5.663181,7,388.834401
30.885327,40,407.910121
24.507275,32,423.204777
34.672048,40,442.507842
1.01752,2,443.461411
6.135575,7,446.758244
30.200415,40,466.02003
14.616114,17,474.114123
6.089681,8,477.944541
29.184492,40,497.115076
15.380785,20,506.764167
2.006437,3,508.200497
3.978238,6,511.115384
1.933036,3,512.562464
2.0,3,513.999382
4.455494,6,516.927956
4.935765,6,519.887542
4.700275,6,522.776875
11.640335,13,529.010555
9.824098,11,534.335186
5.160973,6,537.265012
28.519414,40,556.580456
2.514463,4,558.555667
3.679453,5,560.986942
28.594254,40,580.038057
3.609657,5,582.426341
10.060051,12,588.100049
10.601935,12,593.725049
9.786578,11,598.899109
2.716607,4,600.863899
29.390817,40,620.122154
27.55782,40,639.608284
29.333333,40,659.662078
4.649403,6,662.58342
13.064625,15,669.616873
12.512802,14,676.072977
3.562971,5,678.378202
13.640559,15,685.369145
28.877143,40,703.860973
12.444236,16,711.530522
10.634786,13,717.759048
4.222222,5,720.145324
10.888493,15,727.263177
27.151088,40,746.516146
1.752241,3,747.970617
7.243285,10,752.797679
27.136674,40,772.199398
19.162941,22,783.012174
13.310671,15,790.101395
2.977778,4,792.00405
6.683673,8,795.70379
27.986781,40,814.398001
12.038219,15,821.298531
34.840773,40,839.810171
8.128091,11,844.926047
2.0,3,846.326517
14.529303,17,854.195095
34.709154,40,873.074022
10.294667,12,878.817406
29.401381,40,898.191229
28.389534,40,917.370946
29.768426,37,934.991802
6.826556,8,938.818871
27.968521,40,958.417557
1.837977,3,959.847986
13.039376,16,967.365417
2.698107,4,969.267653
22.740792,40,996.504495
6.477645,8,1000.193067
11.995059,13,1006.26665
32.719197,40,1024.937135
28.989685,40,1043.545524
27.555556,40,1062.606057
29.635169,40,1082.201567
4.993909,7,1085.499387
29.537256,40,1104.2256
28.943988,40,1123.032781
32.230337,40,1142.085161
14.153275,17,1150.266756
26.666667,40,1169.241247
29.57765,40,1188.190349
21.045963,26,1200.359443
7.01194,9,1204.66
7.619233,9,1208.988646
27.768756,31,1223.813172
22.044444,40,1243.298231
30.266028,40,1262.289526
2.989783,5,1264.647603
29.06189,35,1281.528382
30.075641,40,1301.699229
29.554625,40,1321.2826
7.819745,10,1326.328265
2.770805,4,1328.303886
29.681959,40,1348.101002
30.978193,40,1367.517067
26.948933,40,1386.78588
16.624389,20,1396.414037
29.337424,40,1415.717638
28.947332,40,1435.030817
27.229887,40,1454.877363
30.316649,40,1474.127319
29.566467,40,1493.353583
16.193001,20,1502.823936
11.696911,14,1509.575936
30.003848,40,1528.349716
12.046511,14,1534.902646
28.77558,40,1554.084114
30.172263,40,1573.605648
32.149766,40,1592.590531
11.485868,16,1600.138535
19.414428,25,1611.822036
27.158447,40,1630.53253
29.794011,40,1649.659552
30.272166,40,1669.073805
4.111111,5,1671.49829
18.030208,21,1681.701613
29.362262,40,1700.887821
12.672188,16,1708.37602
29.404166,40,1727.11019
31.999119,40,1745.872016
27.744954,40,1764.732883
21.325255,23,1775.801219
12.627463,15,1782.807012
28.444444,40,1801.909752
3.71642,5,1804.29383
3.144834,5,1806.645441
29.657577,40,1825.377711
28.442281,40,1844.076288
27.412747,40,1862.74588
6.028493,8,1866.485473
31.556426,40,1885.192213
28.793182,40,1903.815585
3.960265,5,1906.19791
16.320628,21,1916.027443
29.490682,40,1934.740479
27.807311,40,1953.367861
32.776056,40,1978.903796
27.820958,40,1997.664009
8.649949,10,2002.313856
9.373927,11,2007.532233
26.909433,35,2023.621721
28.965622,40,2042.2168
28.445247,40,2061.06033
29.476626,40,2079.855466
27.818731,40,2098.449582
29.845453,40,2117.044504
28.477791,40,2135.694414
27.262931,40,2154.4468
17.541554,24,2165.583583
27.653357,40,2184.273906
29.720141,40,2203.011274
29.874815,40,2221.788387
4.87797,6,2224.581877
32.625689,40,2243.230646
16.610051,20,2252.596702
27.555556,40,2271.592124
29.860814,40,2290.232711
32.565446,40,2308.875071
34.01198,40,2327.534106
28.3991,37,2344.874441
30.026442,40,2363.783409
30.682948,40,2382.325788
30.134309,40,2401.154539
28.626629,40,2419.658144
6.034018,8,2423.381032
28.354754,40,2441.910822
30.072128,40,2460.594069
27.616482,40,2479.099894
28.602333,40,2497.673721
30.75938,40,2516.472705
29.902011,40,2535.237582
28.247977,34,2550.964054
5.822733,7,2554.23657
29.976702,40,2572.970176
29.03269,40,2591.569645
28.444444,40,2610.350956
29.296994,40,2629.024994
29.849691,40,2647.62278
30.106084,40,2666.238692
28.000775,40,2684.965209
28.608539,40,2703.539076
30.552074,40,2722.514834
28.45476,40,2741.560174
28.490698,40,2760.154591
27.843296,40,2778.776573
5.213083,6,2781.630752
5.248996,7,2784.970866
13.096835,15,2792.032741
6.490223,8,2795.7666
30.87508,40,2814.49492
29.287918,40,2833.258567
29.583407,40,2851.953755
29.599605,40,2870.724003
31.409093,40,2889.450209
27.943278,40,2908.088119
26.997555,40,2933.839914
29.705891,40,2952.74038
29.456089,40,2971.394161
31.221531,40,2990.044015
30.541735,40,3008.684915
29.364528,40,3027.493193
28.823032,40,3046.181357
29.754481,40,3064.938427
29.879688,40,3083.674488
28.593965,40,3102.385197
31.796731,40,3121.151669
30.882696,40,3139.722198
4.585777,6,3142.553355
31.106022,40,3161.21679
29.769644,40,3180.106587
28.66749,40,3198.889326
6.14292,7,3202.186131
30.638067,40,3220.872672
29.841224,40,3239.924353
29.598922,40,3258.553178
31.810712,40,3277.392179
28.444444,40,3296.280617
29.762217,40,3315.645849
28.16455,40,3334.356789
26.666667,40,3352.952106
28.208754,40,3371.589864
32.046413,40,3390.443735
32.404078,40,3408.952187
29.978906,40,3427.611427
29.193752,40,3446.281587
29.709377,40,3465.067383
28.16051,40,3483.812567
28.20308,40,3502.456495
31.716812,40,3521.336607
32.519829,40,3540.649273
29.149843,40,3559.50898
27.03477,40,3578.156388
28.790097,40,3596.895991
2.665855,4,3598.793645
38.114354,40,3617.508244
30.76799,40,3636.168778
28.267182,40,3654.799194
27.402964,40,3673.545335
28.516255,40,3692.344586
30.475942,40,3710.938685
30.246896,40,3729.526558
31.658255,40,3748.207932
30.945056,40,3766.908972
29.833512,40,3785.660512
13.180859,16,3793.165433
31.899534,40,3811.93131
28.256351,40,3830.757954
30.20398,40,3849.570314
17.229151,21,3859.436334
29.759239,40,3878.174866
4.103333,6,3880.928106
27.607552,40,3906.823482
1.866748,3,3908.217319
30.501287,40,3927.001168
31.344116,40,3945.646353
30.216982,40,3964.213683
30.548855,40,3982.839822
28.558436,40,4001.503461
32.653865,40,4020.11261
28.947032,39,4038.317612
28.331717,40,4057.400985
29.616961,40,4076.017751
28.093109,40,4094.599958
29.333333,40,4113.462189
29.347242,40,4132.086175
32.35441,40,4150.662716
30.495277,40,4169.293264
29.592527,40,4188.15429
30.14836,40,4206.686562
28.13467,40,4225.331168
28.147546,40,4243.896436
29.802519,40,4262.61682
29.835472,40,4281.228845
32.451987,40,4299.890689
28.648864,40,4318.649552
28.832967,40,4337.391275
31.12082,40,4356.270661
30.710118,40,4374.840326
27.595992,40,4393.446274
29.506295,40,4412.30362
2.668688,4,4414.214696
30.953636,40,4432.879012
29.083319,40,4451.612283
28.829329,40,4470.247533
29.04515,40,4488.969221
31.495524,40,4507.665719
31.458053,40,4526.375952
30.750805,40,4545.127625
30.669551,40,4563.75326
28.779321,40,4582.454396
31.661746,40,4601.074292
29.165478,40,4619.722024
29.625527,40,4638.45953
30.900345,40,4657.060369
28.092985,40,4675.761828
27.076815,40,4694.402027
8.037044,10,4699.162606
28.857129,40,4717.868117
28.997928,40,4736.441832
28.376433,40,4755.214657
30.413541,40,4773.918528
30.309744,40,4792.478725
31.756386,40,4811.132302
30.026998,40,4829.818907
30.898034,40,4848.455247
29.499858,40,4874.130705
28.937662,40,4892.677052
29.252427,40,4911.353473
29.732864,40,4930.077875
29.64789,40,4948.663738
30.120186,40,4967.341992
30.045005,40,4986.045044
29.069471,40,5004.81408
29.390815,40,5023.477931
30.789232,40,5042.207048
31.573963,40,5060.817101
28.582843,40,5079.486636
29.25482,40,5098.315021
29.276801,40,5116.931221
30.839584,40,5135.805925
29.222916,40,5154.3877
31.854135,40,5173.135098
30.365786,40,5191.879331
31.214449,40,5210.65312
28.622625,40,5229.528949
30.09607,40,5248.130993
29.027243,40,5266.893237
30.12131,40,5285.594973
30.375702,40,5304.275802
29.482732,40,5323.115546
30.827797,40,5341.824532
29.943231,40,5360.519946
29.920344,40,5379.178214
29.303369,40,5397.931721
29.700817,40,5416.52539
29.643833,40,5435.054909
30.346948,40,5453.727874
30.825812,40,5472.334754
31.49591,40,5491.089089
29.491042,40,5509.863752
30.195092,40,5528.539456
28.969836,40,5547.150907
29.662512,40,5565.722805
31.346068,40,5584.437031
31.133588,40,5603.046188
28.462382,40,5621.73596
31.417458,40,5640.437861
30.679498,40,5659.154503
29.736924,40,5677.699557
29.647821,40,5696.378526
31.096328,40,5715.020954
29.876691,40,5733.775161
30.060367,40,5752.362589
31.016844,40,5771.088671
29.666275,40,5789.76177
28.943848,40,5808.41824
28.026245,40,5834.150784
28.802629,40,5852.991956
32.424927,40,5871.798754
28.579511,40,5890.368041
29.823279,40,5908.812121
28.296823,40,5927.359901
28.88635,40,5945.963667
28.299239,40,5964.628069
30.321408,40,5983.351517
30.375879,40,6002.145982
29.919884,40,6020.884722
31.190956,40,6039.629462
28.697264,40,6058.321303
28.819871,40,6077.116913
30.600946,40,6095.892771
29.746534,40,6114.579588
27.956546,40,6133.223167
28.494992,40,6151.95294
31.231659,40,6170.693886
30.317609,40,6189.431471
29.580778,40,6208.168106
29.093177,40,6227.016922
29.045134,40,6245.774888
31.843313,40,6264.499469
28.803201,40,6283.135061
28.947434,40,6301.819486
30.032255,40,6320.439255
29.45808,40,6339.180358
31.395209,40,6357.781004
28.652636,40,6376.420251
31.58738,40,6395.128062
30.27028,40,6413.781436
31.045182,40,6432.539304
29.53621,40,6451.278246
30.32937,40,6470.108494
30.234986,40,6488.846498
29.393476,40,6507.582659
29.002781,40,6526.23967
29.018677,40,6544.963282
1.101947,2,6545.909214
30.033689,40,6564.661233
31.46085,40,6583.428879
29.990619,40,6602.064685
30.022266,40,6620.716256
31.064725,40,6639.395487
30.019718,40,6657.997746
28.342215,40,6676.580956
29.804566,40,6695.156978
31.603543,40,6713.854405
28.106478,40,6732.496737
28.926673,40,6751.326661
30.041624,40,6769.980663
3.621799,6,6772.814737
28.740341,40,6798.521285
29.689658,40,6817.329628
29.018497,40,6836.194182
29.715722,40,6854.881532
29.138219,40,6873.394932
29.0919,40,6891.945391
29.321425,40,6910.635994
30.863167,40,6929.339765
29.149526,40,6948.075913
29.238128,40,6966.664824
29.59565,40,6985.336997
31.459415,40,7004.028706
29.646414,40,7022.574177
30.202056,40,7041.088524
29.257787,40,7059.811393
31.450453,40,7078.329033
31.268532,40,7097.108883
28.859184,40,7115.818128
28.186495,40,7134.927622
30.015227,40,7153.800567
31.994723,40,7172.534518
31.457073,40,7191.180409
29.721822,40,7209.838845
30.430805,40,7228.565358
29.940401,40,7247.247498
31.594069,40,7265.904092
31.417919,40,7284.562646
30.151387,40,7303.217201
29.048351,40,7321.920757
30.899865,40,7340.662612
29.946197,40,7359.30872
30.814266,40,7378.049657
30.262886,40,7396.750936
29.067745,40,7415.572077
28.935868,40,7434.258909
29.240408,40,7452.860386
31.357852,40,7471.654346
30.641794,40,7490.289843
31.576626,40,7509.020195
32.334417,40,7527.748952
30.137085,40,7546.405798
30.089327,40,7564.978542
31.133742,40,7583.690336
30.647453,40,7602.435652
29.460542,40,7621.151098
27.972351,40,7639.907
30.392115,40,7658.650714
29.208134,40,7677.303189
30.719599,40,7695.973495
29.003514,40,7714.617686
29.304831,40,7733.265083
31.894783,40,7759.155401
28.665502,40,7777.743344
29.285424,40,7796.477093
31.086957,40,7815.097903
29.507652,40,7833.821068
28.55484,40,7852.574922
1.951236,3,7853.962168
31.448709,40,7872.709136
30.190679,40,7891.355098
30.946219,40,7910.061137
30.889374,40,7928.69787
30.239988,40,7947.41824
29.602672,40,7966.084668
28.741267,40,7984.664632
29.664266,40,8003.196387
30.661337,40,8021.839358
27.966918,40,8040.420818
29.606556,40,8059.043555
28.909721,40,8077.558825
29.794479,40,8096.16323
32.103234,40,8114.887997
30.0472,40,8133.552208
32.033794,40,8152.22749
28.858823,40,8170.910788
29.98899,40,8189.605237
29.610623,40,8208.146198
29.57586,40,8227.014038
30.589221,40,8245.58009
30.290085,40,8264.228748
29.051481,40,8282.813998
28.949357,40,8301.45516
29.819123,40,8320.080585
31.846911,40,8338.891305
28.890167,40,8357.48044
1.802615,3,8358.884011
28.832369,40,8377.620632
28.80165,40,8396.211261
29.659983,40,8414.711239
32.127364,40,8433.366231
28.477759,40,8452.032331
30.517369,40,8470.757031
29.467925,40,8489.376893
28.424031,40,8508.095644
30.9708,40,8526.830045
30.98299,40,8545.467383
29.589274,40,8564.03278
31.277514,40,8582.787383
29.872338,40,8601.423169
28.79113,40,8620.153016
30.242395,40,8639.027129
30.16516,40,8657.621515
30.667133,40,8676.252488
28.02083,40,8694.885024
28.226702,40,8720.776622
29.37652,40,8739.643901
27.849361,40,8758.427166
28.582721,40,8777.169414
30.224784,40,8795.856772
31.396985,40,8814.775048
30.171009,40,8833.48867
29.307854,40,8852.304994
30.076258,40,8870.980962
29.791442,40,8889.705307
30.697554,40,8908.455093
28.782334,40,8927.12666
28.864742,40,8945.77016
28.777951,40,8964.476335
30.968834,40,8983.240465
30.008459,40,9002.099042
29.981131,40,9020.840574
28.761248,40,9039.717968
32.290212,40,9058.551774
30.047407,40,9077.321549
2.540197,4,9079.21016
30.738586,40,9098.070663
31.486109,40,9116.64034
32.380063,40,9135.287841
30.649217,40,9154.082547
29.452443,40,9172.586699
29.629005,40,9191.431121
28.702472,40,9210.159893
32.104603,40,9228.949425
30.307988,40,9247.583033
29.818265,40,9266.336911
29.508391,40,9284.928278
28.832022,40,9303.643439
28.899666,40,9322.25752
30.442595,40,9341.091548
30.568361,40,9359.686724
28.131575,40,9378.349181
30.548392,40,9397.161458
29.890814,40,9415.859043
32.569799,40,9434.529046
28.942932,40,9453.403303
8.92707,12,9459.033327
28.898496,40,9477.867566
31.864872,40,9496.490872
29.19676,40,9515.205974
30.19377,40,9533.725519
29.416991,40,9552.358794
29.861556,40,9570.976511
31.264158,40,9589.630104
29.409979,40,9608.260662
30.705763,40,9627.081834
28.767826,40,9645.858168
29.659517,40,9664.399209
31.234088,40,9690.188145
31.194536,40,9708.95512
30.354104,40,9727.588299
29.196283,40,9746.221477
30.360291,40,9764.911969
30.431108,40,9783.594765
28.985664,40,9802.391616
30.172547,40,9821.150999
30.218227,40,9839.776824
28.983181,40,9858.440362
28.646639,40,9877.082441
32.088961,40,9895.772117
29.191427,40,9914.40339
30.947583,40,9932.998293
29.446241,40,9951.485337
30.222425,40,9970.314195
29.935742,40,9989.092817
32.73371,40,10007.873508
31.690308,40,10026.487375
29.101827,40,10045.169871
30.234274,40,10063.80879
29.600122,40,10082.576631
28.925294,40,10101.407783
30.186358,40,10120.089374
31.443633,40,10138.675118
30.802177,40,10157.387083
29.500123,40,10176.21578
29.651945,40,10195.076885
29.932893,40,10214.006252
29.785528,40,10232.658893
8.254824,12,10238.282836
28.225589,40,10256.932436
30.555359,40,10275.526288
29.698552,40,10294.144173
30.573843,40,10312.717119
28.199578,40,10331.520231
28.549337,37,10348.72986
30.545763,40,10367.461541
31.642654,40,10386.055948
31.323999,40,10404.902154
31.106188,40,10423.554732
27.68007,40,10442.313228
28.906456,40,10461.069411
30.237986,40,10479.745123
30.205153,40,10498.37296
32.340997,40,10517.149764
31.019934,40,10535.828241
32.771581,40,10554.526638
30.675036,40,10573.126416
31.030533,40,10591.730253
30.063856,40,10610.449265
3.955556,5,10612.791397
30.628271,40,10631.328062
32.431757,40,10657.113445
29.898689,40,10675.815886
26.666667,40,10694.657871
29.731819,40,10713.395328
29.264102,40,10732.129424
31.798309,40,10750.808518
29.887097,40,10769.685342
28.184282,40,10788.323196
29.285857,40,10807.100757
30.996239,40,10825.997064
30.58976,40,10844.73522
31.898471,40,10863.380602
30.058792,40,10882.017426
30.120944,40,10900.665036
2.334159,4,10902.517129
30.495164,40,10921.236331
31.308049,40,10939.912638
29.919606,40,10958.481984
31.285786,40,10977.338751
29.192335,40,10996.162202
29.445703,40,11014.818652
2.472861,4,11016.735445
31.594738,40,11035.440795
29.691872,40,11054.099964
29.768748,40,11072.842994
29.702456,40,11091.517943
30.089186,40,11110.29493
28.803442,40,11128.992655
12.167252,17,11136.936294
31.382068,40,11155.682433
29.606074,40,11174.378474
28.171679,40,11193.075758
30.729498,40,11211.83459
29.979035,40,11230.495654
30.896095,40,11249.236036
29.599591,40,11267.844389
30.592961,40,11286.547705
29.333704,40,11305.3327
28.561033,40,11323.966261
30.423579,40,11342.719392
30.798613,40,11361.396782
30.06115,40,11380.14886
17.193359,23,11390.96792
31.389454,40,11409.609002
30.690245,40,11428.381592
31.913171,40,11447.158861
31.955329,40,11465.888978
31.34339,40,11484.536195
31.676842,40,11503.231303
30.830466,40,11521.758583
33.407363,40,11540.320896
31.702965,40,11558.963845
31.427293,40,11577.749258
28.041017,40,11596.431226
28.629264,40,11622.229953
30.462516,40,11641.027309
30.843034,40,11659.571083
29.139221,40,11678.203342
29.199732,40,11696.844607
29.097166,40,11715.709126
32.682382,40,11734.452082
32.479992,40,11753.019239
30.563528,40,11771.656464
30.752995,40,11790.462471
28.899794,40,11809.10443
30.696324,40,11827.710616
30.061845,40,11846.297623
29.598071,40,11865.050471
29.155607,40,11883.569144
30.570952,40,11902.236506
31.125147,40,11920.845337
30.596555,40,11939.42862
29.570282,40,11957.963194
30.261323,40,11976.708248
31.958204,40,11995.408406
30.490197,40,12014.002986
30.543696,40,12032.634187
31.4969,40,12051.479989
29.892867,40,12070.074693
31.708852,40,12088.678152
27.692257,40,12107.47185
30.78806,40,12126.186198
28.956342,40,12144.740773
31.151735,40,12163.46931
28.677681,40,12182.141309
30.991473,40,12200.932871
33.308461,40,12219.609602
30.70623,40,12238.280149
31.188158,40,12256.943695
29.822842,40,12275.906451
28.576622,40,12294.728291
28.662062,40,12313.548721
29.839201,40,12332.220147
29.808906,40,12350.79191
30.583248,40,12369.552754
28.336749,40,12388.271757
31.756164,40,12407.056618
29.690261,40,12425.566097
31.987243,40,12444.376414
29.233531,40,12463.132117
31.280605,40,12481.95461
30.763942,40,12500.651779
29.747949,40,12519.382132
30.00243,40,12537.998833
30.645344,40,12556.66705
29.513232,40,12582.497739
31.972413,40,12601.270603
33.660785,40,12619.915837
28.844167,40,12638.660525
29.421728,40,12657.214698
28.852233,40,12675.904845
28.737426,40,12694.499549
29.039131,40,12713.14683
31.746117,40,12731.820092
28.565822,40,12750.451523
31.251753,40,12769.001001
27.992364,40,12787.613312
31.533101,40,12806.708612
29.158571,40,12826.102477
2.50272,4,12828.054912
32.023704,40,12846.910635
29.160308,40,12865.884879
29.398694,40,12885.196157
32.649944,40,12904.187123
30.007848,40,12924.239675
30.262164,40,12943.631526
29.877099,40,12962.639073
33.69993,40,12982.06633
32.099236,40,13000.968301
33.713776,40,13019.923429
29.863784,40,13039.290903
29.37147,40,13058.753459
28.259504,40,13078.345048
28.730805,40,13097.508071
31.768711,40,13116.753542
31.510579,40,13135.606778
29.618869,40,13154.634429
29.351289,40,13173.692508
31.918683,40,13192.602512
29.712417,40,13211.612454
29.379961,40,13230.699763
31.207175,40,13249.747461
30.314148,40,13268.934205
28.939147,40,13287.733124
30.995366,40,13306.808994
28.602835,40,13325.863847
28.960974,40,13344.817519
30.614039,40,13363.750915
29.287776,40,13382.644331
28.709061,40,13401.540466
31.552218,40,13420.329615
30.064688,40,13439.087352
30.534763,40,13457.86856
29.262647,40,13476.705049
30.871134,40,13495.635816
30.65296,40,13514.793908
28.968901,40,13533.818083
30.35698,40,13560.447439
31.765673,40,13579.84558
29.341006,40,13599.030968
29.080091,40,13618.130388
31.833797,40,13637.229292
30.439329,40,13656.352253
28.140935,40,13675.421386
29.25002,40,13694.596046
30.20692,40,13713.804992
30.643548,40,13733.201153
29.514453,40,13752.322979
25.977924,34,13768.747359
29.348798,40,13787.737652
29.432638,40,13806.691599
1.473026,3,13808.136901
28.063622,40,13827.054555
32.011506,40,13846.931686
32.338493,40,13865.919867
30.611945,40,13885.248326
31.974744,40,13904.407939
30.515408,40,13923.63908
29.316132,40,13942.601409
31.129285,40,13961.835696
31.058947,40,13981.231766
28.863522,37,13999.079787
28.633779,40,14018.463873
31.578642,40,14037.910245
31.696006,40,14057.081741
28.770483,40,14076.080092
28.968059,40,14095.199817
32.04326,40,14114.541333
29.444467,40,14134.167512
29.659887,40,14153.075329
30.323348,40,14172.202968
30.084985,39,14190.997125
28.505661,40,14210.478592
29.789866,40,14229.757164
31.220409,40,14248.767578
33.379984,40,14268.072849
30.179693,40,14287.255243
31.7161,40,14306.28388
30.87923,40,14325.350757
29.310828,40,14344.632843
32.500266,40,14364.410513
29.912264,40,14383.939404
22.81465,31,14399.584858
31.128764,40,14419.179253
30.710025,40,14438.955475
30.602105,40,14458.21392
32.954696,40,14477.862197
32.874421,40,14497.643039
30.510844,40,14518.022859
29.878302,40,14536.954553
31.990815,40,14562.738636
32.423272,40,14581.508858
30.674859,40,14600.539028
31.209534,40,14619.815774
30.767424,40,14639.303304
31.77657,40,14659.009404
31.085318,40,14678.526078
30.956505,40,14697.850181
31.331576,40,14717.004861
31.024562,40,14736.596322
30.10942,40,14756.263309
30.891683,40,14775.881415
30.359841,40,14795.78008
29.134701,40,14815.312211
31.314433,40,14834.252265
31.039253,40,14853.323579
28.357084,40,14872.457971
16.757746,21,14882.591677
31.921219,40,14902.772538
31.074994,40,14922.659216
31.778636,40,14941.786127
28.510419,40,14961.096382
1.809576,3,14962.561235
28.670772,40,14981.8059
31.118979,40,15001.43463
32.032386,40,15020.638164
31.011187,40,15040.178919
32.770706,40,15060.085648
30.06646,40,15079.599605
30.913753,40,15098.893216
29.312106,40,15117.985408
34.174636,40,15137.615831
28.335582,40,15156.879028
30.390464,40,15176.098076
28.351746,40,15195.635169
29.012297,40,15215.101498
29.576245,40,15234.616491
28.875282,40,15254.021602
30.361452,40,15273.150978
30.766805,40,15292.234109
31.551097,40,15311.34236
29.340434,40,15330.513445
31.191299,40,15349.91207
9.410682,13,15356.263869
30.303131,40,15375.156581
29.987825,40,15394.363251
31.641713,40,15413.429315
29.072636,40,15432.577598
29.512035,40,15451.765144
30.792046,40,15470.972151
29.814012,40,15489.898792
30.873961,40,15508.735443
29.083177,40,15527.622428
28.915178,40,15554.417819
33.184882,40,15573.725929
29.884737,40,15592.835445
29.490193,40,15612.132534
32.034286,40,15631.517016
28.428553,40,15650.729008
31.430787,40,15669.922472
31.204147,40,15689.401952
33.140988,40,15708.774242
30.630325,40,15727.834292
30.549419,40,15746.959174
29.821721,40,15765.929132
29.450485,40,15784.670956
28.564137,40,15803.933648
29.153077,40,15823.070008
31.909689,40,15842.104694
29.782455,40,15860.976846
33.088699,40,15880.232373
33.609047,40,15899.410597
29.986221,40,15918.73017
31.836704,40,15937.779567
31.463914,40,15956.860404
32.083482,40,15976.084788
29.99509,40,15994.933112
30.418729,40,16013.785278
29.56547,40,16032.699857
28.915764,40,16051.816664
29.667668,40,16070.763828
29.941381,40,16089.712278
30.257556,40,16108.785439
30.541043,40,16127.857748
30.479122,40,16146.874483
30.80756,40,16165.87053
31.755622,40,16185.138107
31.111721,40,16204.282545
31.081309,40,16223.361597
30.047964,40,16242.38378
28.682068,40,16261.30766
31.243821,40,16280.324835
30.612931,40,16299.33625
29.96984,40,16318.32269
29.17154,40,16337.16665
32.813545,40,16356.257799
31.117028,40,16375.307856
30.911765,40,16394.45581
29.784584,40,16413.986537
30.037255,40,16433.10886
32.257858,40,16452.151925
29.494,40,16471.24411
33.725185,40,16489.872126
28.307569,40,16508.941993
30.867688,40,16535.391365
28.681703,40,16554.842636
29.173127,40,16574.179302
30.82975,40,16593.567486
31.388042,40,16612.805658
30.366895,40,16632.123114
29.248116,40,16651.427308
29.354917,40,16670.556102
30.879659,40,16689.721038
29.253842,40,16708.95225
31.208636,40,16728.082321
31.373604,40,16747.400267
28.660935,40,16766.76443
28.263904,40,16785.821622
29.662559,40,16804.781114
34.320465,40,16823.835665
30.221247,40,16842.596345
29.929635,40,16861.303515
31.472398,40,16880.07491
29.813256,40,16898.922522
28.358043,40,16917.971221
30.240045,40,16936.701365
30.137098,40,16955.727675
27.890074,40,16974.763128
5.555563,8,16978.596815
28.636461,40,16997.652812
29.115753,40,17017.033427
28.596456,40,17036.023885
30.003493,40,17054.674078
28.072517,40,17073.640576
30.201707,40,17092.343978
29.622908,40,17111.216373
29.27357,40,17130.203704
30.034143,40,17149.345325
31.49958,40,17168.380389
31.544214,40,17187.380593
31.291753,40,17206.400029
31.962427,40,17225.111301
29.636292,40,17244.047909
29.215998,40,17263.153498
31.067772,40,17282.308401
29.742601,40,17301.438495
27.940647,40,17320.491974
30.735092,40,17339.444284
27.90159,40,17358.568166
29.760838,40,17377.670578
29.790791,40,17396.768882
31.994673,40,17415.63717
29.544206,40,17434.347491
30.743228,40,17453.334878
28.984124,40,17472.375788
31.316656,40,17491.47334
30.687541,40,17517.83051
30.454579,40,17537.045071
29.648756,40,17556.216021
29.882046,40,17575.501649
28.858219,37,17593.379556
30.054798,40,17612.248451
31.984441,40,17631.244656
30.030958,40,17650.313839
30.138708,40,17669.259674
28.647963,40,17688.022599
29.995177,40,17706.792346
31.371869,40,17725.525844
28.096722,40,17744.235733
29.84831,40,17762.886347
29.280081,40,17782.152727
30.460768,40,17801.173216
29.998399,40,17820.401557
30.168405,40,17839.466614
32.806791,40,17858.25225
29.611562,40,17877.237317
32.615454,40,17896.069059
31.324304,40,17914.844006
28.917325,40,17933.667923
32.099772,40,17952.29271
30.598376,40,17970.901719
30.73171,40,17989.482745
1.866667,3,17990.887652
31.202068,40,18009.691502
27.747477,40,18028.52284
29.521624,40,18047.250978
32.848337,40,18065.974964
29.772585,40,18084.740319
31.354723,40,18103.403809
30.566571,40,18122.018949
30.521183,40,18140.589008
30.517619,40,18159.345099
29.529812,40,18178.430168
32.139209,40,18197.745738
30.469298,40,18217.243157
30.884245,40,18236.023841
30.356049,40,18254.762242
31.262753,40,18273.422953
30.432216,40,18291.9543
29.318868,40,18310.596095
29.467048,40,18329.35682
30.81268,40,18347.947665
30.952255,40,18366.575201
29.770753,40,18385.222174
28.944045,40,18403.854135
28.45306,40,18422.580887
29.889525,40,18441.297035
32.038165,40,18460.004163
31.565174,40,18485.775985
29.928356,40,18504.517344
27.630901,40,18523.148789
32.358034,40,18541.763016
31.243197,40,18560.561912
30.018025,40,18579.172206
29.267898,40,18597.906603
30.788751,40,18616.448823
28.767783,40,18635.156778
30.558435,40,18653.843891
31.06163,40,18672.411631
31.126074,40,18691.224339
27.725538,40,18709.847257
30.267059,40,18728.448737
33.25748,40,18747.212094
30.220626,40,18765.891528
28.569014,40,18784.722707
33.361755,40,18803.385713
31.577036,40,18822.398981
31.424255,40,18841.221583
30.678023,40,18859.770657
29.093687,40,18878.656169
29.458499,40,18897.494588
30.482273,40,18916.382447
30.223575,40,18935.250462
30.360769,40,18953.909245
29.436327,40,18972.525542
27.947522,40,18991.198687
31.494041,40,19010.018469
30.157179,40,19028.784414
30.685538,40,19047.748724
32.111991,40,19066.480442
7.111683,9,19070.701271
31.463551,40,19089.819179
27.925018,38,19107.970289
28.966862,40,19127.004213
30.365231,40,19145.974408
31.709141,40,19165.331015
31.029274,40,19184.372679
32.766481,40,19203.53409
30.34478,40,19222.823573
29.580407,40,19241.870157
28.01841,40,19260.909665
34.934246,40,19280.11043
29.293449,40,19299.367542
29.713536,40,19318.086942
31.07387,40,19337.300539
29.699519,40,19356.432518
32.636664,40,19375.560105
31.85111,40,19394.590273
30.920536,40,19413.404115
28.905242,40,19432.583322
30.740635,40,19459.212585
30.624174,40,19478.0503
31.497173,40,19496.949088
31.636305,40,19515.686081
29.967396,40,19534.475822
32.026908,40,19553.281008
29.848393,40,19572.122375
30.842401,40,19591.237296
26.169836,33,19606.799414
29.342517,40,19625.654654
29.207607,40,19644.36043
30.816885,40,19663.490672
28.165051,40,19682.515321
16.32111,22,19692.859695
28.604551,40,19711.543116
29.915571,40,19730.560962
31.513074,40,19749.456002
31.53602,40,19768.39857
27.448302,40,19787.390041
29.511085,40,19806.142608
28.83666,40,19824.693835
29.172311,40,19843.2578
29.052734,40,19862.303379
29.183861,40,19881.485316
29.531131,40,19900.445866
29.83003,40,19919.202627
30.723134,40,19938.371391
29.818101,40,19957.368714
31.073266,40,19976.32897
30.534302,40,19995.125063
30.213877,40,20014.037149
28.762062,40,20033.006001
28.258892,40,20051.89626
7.864152,9,20056.323977
30.132125,40,20075.150671
31.205428,40,20094.000471
29.822932,40,20112.761497
30.55966,40,20131.515886
28.989257,40,20150.312043
30.51375,40,20169.194548
30.430867,40,20188.130895
27.986387,40,20206.987754
29.53684,40,20225.942581
30.940249,40,20244.89663
32.404311,40,20264.162549
31.875855,40,20283.185306
28.717193,40,20302.18796
30.800911,40,20321.276027
30.122657,40,20340.163402
31.255275,40,20358.843309
30.064442,40,20377.830879
30.111487,40,20396.585431
30.749595,40,20415.579283
28.444444,40,20441.93296
30.733677,40,20461.043718
28.785332,40,20480.143378
29.78613,40,20498.996916
29.384015,40,20517.876504
30.779839,40,20536.892376
28.956138,40,20555.791924
28.545743,40,20574.831079
29.058185,40,20594.924294
28.775356,40,20613.858217
29.793402,40,20632.717807
27.804053,40,20651.633492
31.890254,40,20671.08681
29.90969,40,20690.339328
29.065711,40,20709.641202
28.796502,40,20729.259915
33.066009,40,20748.767561
30.724084,40,20768.241804
29.02915,40,20787.333524
29.991912,40,20806.048748
31.673457,40,20825.673084
28.815363,40,20844.798908
31.898397,40,20863.529727
28.365784,40,20882.354155
29.896605,40,20901.417356
30.01952,40,20920.816044
31.364457,40,20939.817833
29.353945,40,20959.147336
29.632222,40,20978.915916
31.919422,40,20997.852174
32.832761,40,21016.570301
29.469055,40,21035.579887
31.468357,40,21054.560076
28.92064,40,21073.730472
33.062833,40,21093.114757
31.926717,40,21112.336483
6.317329,9,21116.816276
28.711201,40,21136.008917
29.247629,40,21155.177598
29.498091,40,21174.418727
30.891798,40,21193.502517
28.705955,40,21212.51885
32.166141,40,21231.514653
26.847759,40,21250.668885
31.486435,40,21270.201106
31.032059,40,21289.511006
28.019192,40,21309.268463
30.433687,40,21329.03693
30.994155,40,21348.397094
32.383704,40,21368.683783
31.731117,40,21387.89348
29.767108,40,21406.979371
29.8596,40,21433.187011
29.483936,40,21452.589352
30.7622,40,21472.042651
28.287099,40,21492.029668
30.774925,40,21511.303188
29.493256,40,21530.737875
31.795981,40,21549.790961
29.796565,40,21569.045344
30.276574,40,21588.200791
32.488571,40,21607.408336
30.026556,40,21626.580778
29.854063,40,21646.268943
29.422969,40,21665.284521
31.227884,40,21685.231858
31.666223,40,21705.229954
30.041,40,21725.221076
31.380541,40,21744.449564
29.38879,40,21764.049772
30.029961,40,21783.910516
31.609417,40,21803.131898
30.687624,40,21822.11776
29.909127,40,21841.911635
30.348228,40,21861.878294
30.281599,40,21881.058669
32.110928,40,21901.22466
32.036356,40,21921.01494
30.744669,40,21940.210806
31.212553,40,21959.30515
30.556725,40,21978.260717
29.353952,40,21997.523279
30.720931,40,22016.685818
31.274296,40,22035.94967
30.274404,40,22055.245574
31.817195,40,22074.735381
27.555556,40,22093.871595
29.469158,40,22113.465316
31.65534,40,22133.08959
28.921538,40,22152.645344
31.334021,40,22172.828276
29.937837,40,22192.992551
31.658826,40,22213.574854
28.909934,40,22233.229547
30.645568,40,22252.322632
31.294082,40,22271.978687
29.053412,40,22291.28009
31.702638,40,22310.511535
29.70069,40,22329.913494
30.924376,40,22349.253744
30.651341,40,22368.99545
29.292845,40,22388.75149
32.261195,40,22408.101634
30.988577,40,22435.794932
30.879877,40,22454.586286
31.439364,40,22473.522748
31.85307,40,22493.320026
31.155394,40,22513.162383
29.703992,40,22532.916598
30.941349,40,22552.550071
32.177913,40,22572.388534
31.248939,40,22592.537297
29.980834,40,22612.173019
31.342033,40,22632.044762
29.857224,40,22651.151634
29.3597,40,22670.302912
30.26316,40,22689.06475
4.221341,6,22691.895832
31.286166,40,22710.41222
29.354589,40,22729.139669
28.968948,40,22748.080104
28.301462,40,22766.846911
32.045027,40,22785.791845
29.070616,40,22805.076211
30.289538,40,22825.124321
32.907383,40,22844.532919
32.713405,40,22863.831421
30.909635,40,22882.760017
31.09662,40,22902.535804
29.395865,40,22922.353418
30.032129,40,22942.056711
29.979395,40,22961.715421
30.39766,40,22982.428687
30.290125,40,23001.963307
31.08452,40,23021.448175
29.717643,40,23041.160468
32.827581,40,23060.817575
30.734703,40,23080.514066
31.823556,40,23100.472477
32.278347,40,23121.004092
30.580613,40,23142.921962
29.464444,40,23163.557635
29.659791,40,23185.512935
28.432348,40,23206.791831
32.062413,40,23228.042936
32.404532,40,23251.749121
31.546601,40,23274.414394
31.243408,40,23298.518111
29.59467,40,23319.389539
31.575503,40,23343.958431
28.82269,40,23367.887084
29.72605,40,23391.885675
30.389983,40,23415.991231
28.281788,40,23439.776029
29.219325,40,23461.9483
29.814252,40,23495.610414
30.685541,40,23520.637643
31.465579,40,23545.582015
31.395866,40,23567.539173
29.242359,40,23589.29666
30.848953,40,23613.367563
30.631402,40,23637.095356
31.760498,40,23659.994896
30.720279,40,23682.662644
31.762614,40,23706.48571
28.106523,40,23729.741759
31.890589,40,23753.447585
31.506122,40,23777.046525
30.009716,40,23801.076872
30.745424,40,23825.1942
30.961826,40,23849.453715
30.724934,40,23873.841067
30.860493,40,23898.356335
25.032755,33,23918.000745
31.382046,40,23942.176223
23.722086,30,23960.727511
31.508553,40,23984.880903
29.146931,40,24009.006341
29.924537,40,24033.547017
29.045254,40,24055.498684
29.679293,40,24075.7943
31.382283,40,24097.600485
30.873228,40,24119.321503
31.219956,40,24138.960185
31.89793,40,24158.776463
31.105327,40,24178.604292
30.986984,40,24200.256484
30.289032,40,24223.398867
18.006744,24,24237.514807
30.294573,40,24267.015105
31.731007,40,24291.082707
28.772445,40,24313.96394
29.14338,40,24334.594231
30.59853,40,24359.989836
29.965898,40,24382.780358
30.124714,40,24403.141867
31.144565,40,24425.841967
30.588058,40,24450.704573
30.842035,40,24474.015294
31.276699,40,24497.356532
30.527319,40,24521.026215
31.751061,40,24542.89137
31.402822,40,24562.80135
32.683474,40,24583.170315
30.944506,40,24606.398686
17.957673,23,24618.86417
30.400516,40,24640.23899
30.901367,40,24663.019957
31.463035,40,24697.481219
34.026108,40,24720.364886
30.957963,40,24743.319553
30.331096,40,24766.662435
33.167416,40,24790.044775
31.379379,40,24813.519484
31.972033,40,24837.119932
29.569447,40,24860.648974
30.87003,40,24882.857746
30.179528,40,24904.249995
30.694593,40,24926.130295
29.36734,40,24949.504403
33.973436,40,24973.461427
30.437142,40,24997.133951
31.058645,40,25020.470578
31.537962,40,25044.90827
2.501779,4,25047.352699
32.363128,40,25070.231659
31.196777,40,25093.232354
29.371834,40,25116.463674
31.150318,40,25139.904157
31.180315,40,25162.9819
30.891806,40,25186.401495
30.092386,40,25209.737253
31.88499,40,25230.996579
29.616048,40,25253.045322
29.605621,40,25276.454509
32.46901,40,25300.052126
30.506795,40,25323.68677
29.99042,40,25347.408003
31.777891,40,25370.634563
33.32329,40,25393.886095
32.053707,40,25417.399189
30.51608,40,25439.693127
31.382663,40,25462.880419
33.394209,40,25486.551079
32.079045,40,25508.480633
32.378413,40,25530.07304
31.195925,40,25555.673721
31.081948,40,25579.521797
31.104872,40,25600.240018
30.552292,40,25623.065789
29.946656,40,25646.560591
30.370948,40,25670.074556
29.446712,40,25693.643031
30.079798,40,25717.654443
29.028143,40,25738.389978
29.798238,40,25758.775028
32.412445,40,25780.9057
31.211467,40,25802.328646
28.094696,40,25822.160468
29.90423,40,25842.055055
30.485161,40,25870.991889
29.871446,40,25891.899927
31.828637,40,25912.102966
30.886919,40,25932.287776
28.989245,40,25952.290711
30.033425,40,25972.937021
31.725708,40,25994.426964
30.704229,40,26014.854286
29.917361,40,26039.960053
30.415139,40,26064.584069
29.296782,40,26088.726197
29.203231,40,26113.366317
11.8658,13,26121.314485
29.938809,40,26145.114581
32.961652,40,26169.622672
32.844461,40,26193.883199
30.930839,40,26217.756737
28.812475,40,26241.492057
33.859118,40,26265.698663
28.411428,40,26289.498992
32.455756,40,26312.61757
29.192753,40,26335.752287
33.616002,40,26359.756263
32.631581,40,26384.032605
28.228563,40,26407.893718
31.770422,40,26431.7394
32.427374,40,26454.659655
30.524999,40,26477.831761
31.395778,40,26501.412942
28.683316,40,26525.785132
30.173566,40,26549.855226
31.215979,40,26573.196188
30.358218,40,26596.508431
29.202594,40,26619.950404
1.933333,3,26621.748013
29.932685,40,26645.408979
30.058278,40,26669.30302
30.189774,40,26692.710151
31.551108,40,26716.445192
31.008149,40,26740.39576
30.134882,40,26763.763287
30.354486,40,26787.676104
32.985368,40,26811.387621
29.613525,40,26834.756353
30.584564,40,26858.153796
31.464944,40,26881.848645
30.579518,40,26905.140651
28.162173,40,26928.203634
30.908948,40,26951.65393
32.01713,40,26975.196928
28.945218,40,26999.209679
29.446956,40,27023.316065
29.90249,40,27046.740207
29.070906,40,27081.349598
30.709232,40,27104.643209
30.161343,40,27127.861834
31.850694,40,27151.194619
31.424128,40,27174.036894
28.113511,40,27198.108313
31.304058,40,27222.820194
29.506063,40,27245.928793
30.924576,40,27269.456386
31.665531,40,27294.203151
30.630437,40,27317.831288
30.829617,40,27342.034056
30.400047,40,27365.837536
31.059219,40,27390.13212
30.829723,40,27413.781551
30.328289,40,27437.926642
29.932937,40,27462.002689
31.64404,40,27486.171672
29.289071,40,27510.36799
29.827506,40,27533.840344
32.603449,40,27557.921649
31.17168,40,27582.698275
33.008778,40,27606.915428
32.931615,40,27630.25787
26.64812,34,27650.054014
32.948896,40,27674.075672
29.327548,40,27697.929906
28.907864,40,27721.449417
32.305845,40,27745.165169
28.835971,40,27769.824441
32.326774,40,27793.945877
31.619855,40,27817.883047
30.056885,40,27841.176263
31.108556,40,27865.206556
32.140665,40,27888.56564
29.77966,40,27912.100944
29.596983,40,27935.361102
32.812875,40,27959.271602
32.428865,40,27982.9174
29.380161,40,28007.359247
30.873085,40,28031.282596
32.423521,40,28055.059533
30.07225,40,28079.239194
30.739265,40,28102.992591
30.36638,40,28126.890675
13.762198,19,28138.187731
30.640167,40,28160.748105
31.926552,40,28180.537753
28.981553,40,28200.076995
27.995203,40,28219.971298
29.422627,40,28239.692367
30.453699,40,28268.184947
31.623543,40,28288.316239
32.416466,40,28307.881194
28.632933,40,28327.488835
30.598675,40,28347.101001
30.013644,40,28366.93855
30.267423,40,28386.467756
32.40801,40,28406.004161
32.598783,40,28425.773095
30.145528,40,28445.622427
29.163088,40,28465.225156
31.910402,40,28485.357953
30.607883,40,28505.685858
30.236623,40,28525.599817
29.247483,40,28546.547965
29.996,40,28568.40692
33.096096,40,28588.748888
30.109674,40,28609.001726
29.66086,40,28630.061341
32.468532,40,28653.905089
4.556333,6,28657.181194
31.238299,40,28680.378178
32.021032,40,28703.341286
31.817329,40,28726.76605
29.110483,40,28750.4818
32.754453,40,28773.919843
31.211984,40,28797.139021
33.08677,40,28820.868559
29.211394,40,28844.199479
30.418331,40,28867.272138
29.501745,40,28890.915126
16.133333,40,28915.324245
30.768252,40,28938.49412
30.01636,40,28961.379981
30.899903,40,28984.696384
31.493271,40,29007.691691
30.438853,40,29030.924226
29.070283,40,29054.653688
30.603234,40,29077.815034
29.177535,40,29100.87332
30.802051,40,29124.420213
30.022961,40,29148.466762
31.179172,40,29171.515365
31.020957,40,29195.148007
30.435178,40,29218.274831
30.961222,40,29241.808807
32.619228,40,29265.50046
29.961868,40,29288.491893
29.925657,40,29311.631388
32.843614,40,29334.906159
32.890828,40,29357.773954
30.379986,40,29380.815983
32.640522,40,29414.538036
29.35478,40,29437.865095
34.551281,40,29461.185991
33.90146,40,29483.940107
29.028206,40,29506.86184
30.214719,40,29530.532452
29.463787,40,29554.285483
31.383018,40,29576.929675
31.666732,40,29599.948859
31.893595,40,29623.29106
29.890284,40,29646.598951
30.885489,40,29669.477149
29.437987,40,29693.389242
33.447753,40,29717.343079
29.658121,40,29740.832292
30.777206,40,29763.895217
31.469685,40,29787.601194
32.009412,40,29811.343875
31.76288,40,29835.151589
29.934969,40,29858.928195
28.85162,40,29882.016944
29.992528,40,29904.607369
28.770078,40,29927.733715
29.229613,40,29951.681969
31.948013,40,29975.335221
31.698065,40,29998.442029
29.750562,40,30022.245072
28.4505,40,30045.280018
21.415032,28,30060.73132
31.098156,40,30083.855182
30.884177,40,30107.181701
32.925447,40,30130.448988
30.881717,40,30153.563466
29.088027,40,30177.633415
31.30197,40,30201.030373
29.649801,40,30224.142101
8.913895,10,30229.940637
30.548801,40,30253.212429
30.979252,40,30276.671363
31.492215,40,30300.003427
31.838644,40,30324.706508
34.198434,40,30347.80788
30.698894,40,30370.987539
31.308113,40,30394.632012
31.670164,40,30418.12737
32.374112,40,30441.203262
33.035767,40,30464.254024
28.743831,40,30487.547458
29.933562,40,30510.899988
29.603078,40,30534.689156
30.964205,40,30557.927958
30.73752,40,30581.100461
32.4157,40,30603.979936
32.895431,40,30638.466816
33.04325,40,30661.928429
32.006729,39,30684.78803
33.011345,40,30707.933421
31.063124,40,30731.064177
32.037455,40,30754.527673
31.455427,40,30778.009186
31.778514,40,30800.904912
28.950829,40,30824.065558
30.195392,40,30847.354507
29.148759,40,30870.791717
33.407473,40,30893.781631
32.126542,40,30917.019219
32.243167,40,30940.472789
30.518547,40,30963.974481
31.241977,40,30987.740429
30.012165,40,31010.885767
30.676948,40,31034.092041
30.151291,40,31056.992034
32.418342,40,31080.157842
30.756601,40,31103.306966
31.000521,40,31126.694357
30.945898,40,31149.809299
32.81097,40,31173.184263
29.382427,40,31196.071639
33.29025,40,31218.97682
32.026038,40,31242.684086
28.265178,40,31265.45654
29.961426,40,31288.919351
31.310141,40,31312.343054
29.812965,40,31335.652341
7.470964,9,31340.68929
31.197063,40,31363.793576
32.970019,40,31387.061362
31.292122,40,31410.515836
30.22197,40,31434.269032
29.427526,40,31457.604854
31.430431,40,31480.667578
30.469278,40,31503.970721
32.009465,40,31527.19086
24.647219,32,31544.641145
31.294581,40,31564.325151
29.7834,40,31584.099442
31.019677,40,31603.961193
34.619943,40,31623.637123
30.511865,40,31643.353827
34.157876,40,31663.043176
31.197809,40,31682.571562
29.853305,40,31702.386138
30.903516,40,31722.104661
31.272892,40,31742.17682
31.460863,40,31761.932006
31.039148,40,31791.055239
31.808139,40,31813.365164
31.578035,40,31837.973223
30.273774,40,31862.228867
33.401864,40,31886.327849
31.284044,40,31910.727119
32.718347,40,31934.551201
32.495572,40,31958.263622
31.094624,40,31982.787331
28.969396,40,32006.89959
31.837501,40,32030.459517
32.163029,40,32054.396502
31.562065,40,32079.590833
30.226539,40,32103.456392
29.754407,40,32127.007917
27.558608,40,32150.596231
29.859332,40,32174.876416
33.109013,40,32198.61149
33.717434,40,32222.371502
30.369423,40,32246.578542
31.221293,40,32270.929724
30.587324,40,32294.173021
27.724941,40,32317.53063
30.595366,40,32340.822444
28.788418,40,32364.799548
31.342951,40,32388.406728
32.393066,40,32412.473322
29.143468,40,32435.85574
31.83912,40,32459.147136
33.169242,40,32483.391534
30.360882,40,32507.260061
30.522294,40,32530.732588
32.692805,40,32554.401234
31.373392,40,32578.470377
30.096186,40,32601.907172
31.946425,40,32624.828248
31.734849,40,32648.415373
30.358446,40,32671.815456
29.138935,40,32695.400945
32.036352,40,32719.742747
32.343623,40,32743.587198
32.023925,40,32766.968914
31.146257,40,32790.249642
30.928395,40,32813.486002
31.168493,40,32836.998858
32.720049,40,32860.158709
32.832843,40,32883.508412
32.772561,40,32906.786798
31.021366,40,32930.002019
30.583689,40,32954.540668
30.48925,40,32978.049778
29.438203,40,33013.990767
31.602228,40,33037.144572
29.989403,40,33060.594525
32.479595,40,33084.330021
30.878878,40,33107.392906
32.498371,40,33130.900735
30.059371,40,33154.127395
29.254891,40,33177.341294
32.135486,40,33200.18885
32.940896,40,33223.540528
32.562202,40,33246.85184
30.423233,40,33270.052424
30.478375,40,33293.300588
29.399898,40,33316.570428
31.809624,40,33339.65229
31.562005,40,33362.997199
31.707393,40,33386.260717
29.641921,38,33409.764007
29.188273,40,33432.871977
31.153037,40,33456.861308
31.386588,40,33479.707937
30.203804,40,33503.706685
30.784039,40,33527.403482
31.992856,40,33550.631483
31.683188,40,33573.887097
31.815717,40,33597.265682
30.432893,40,33621.028422
29.385326,40,33644.194079
30.129258,40,33666.99684
31.052227,40,33690.552171
32.181772,40,33710.553275
31.301446,40,33730.677439
30.123381,40,33752.645339
31.457947,40,33772.588708
31.460437,40,33792.395647
31.334786,40,33812.36415
32.06134,40,33832.604045
30.096339,40,33852.97391
29.328085,40,33873.064427
31.139821,40,33892.550833
30.711073,40,33912.136408
30.523722,40,33932.721305
30.845771,40,33953.646255
33.639283,40,33973.578126
33.405531,40,33993.678241
31.779847,40,34013.700742
35.563268,40,34034.188821
30.24445,40,34058.194331
32.350122,40,34082.199488
31.258455,40,34105.854632
29.110696,40,34129.920855
31.159364,40,34167.344687
31.505871,40,34191.615031
31.531648,40,34215.425777
33.72122,40,34239.018044
31.439433,40,34262.193514
31.074927,40,34286.045523
31.806103,40,34309.64403
30.359387,40,34333.631293
30.374283,40,34357.658229
31.025214,40,34381.295778
30.143685,40,34404.883652
31.6195,40,34428.429563
31.521302,40,34451.394402
33.498338,40,34475.165887
32.244223,40,34498.637921
30.758964,40,34522.721756
34.202819,40,34546.206392
32.913167,40,34569.590161
31.448956,40,34593.238545
31.990952,40,34617.323504
30.849331,40,34640.530198
31.131311,40,34663.542171
31.112048,40,34686.907545
32.355081,40,34710.634574
29.277554,40,34733.787253
31.513754,40,34757.102202
31.49404,40,34780.530682
29.844242,40,34804.405031
30.686894,40,34827.727975
29.945097,40,34851.001656
29.503312,40,34874.56425
33.485157,40,34898.669155
31.318475,40,34922.017227
31.043392,40,34945.29516
29.049173,40,34968.48467
30.019445,40,34991.428077
31.951405,40,35014.864709
31.64197,40,35037.681166
30.83899,40,35061.243567
31.995896,40,35084.809575
31.171072,40,35108.116898
30.674805,40,35131.154464
33.010104,40,35154.192382
29.209499,40,35177.594864
34.333161,40,35201.144
30.23801,40,35224.370685
30.522934,40,35247.637932
29.41806,40,35270.481326
31.43805,40,35293.811235
32.632238,40,35317.669312
31.776923,40,35341.050211
30.970389,40,35364.572433
36.010333,40,35398.94637
31.291064,40,35422.40111
33.324684,40,35445.322949
31.135898,40,35468.539205
32.078389,40,35491.786062
29.621269,40,35515.286845
31.63721,40,35538.219655
31.451106,40,35561.277975
31.576453,40,35584.440889
30.94688,40,35607.556474
31.982395,40,35629.882157
33.571709,40,35649.613752
33.568646,40,35669.487306
31.030386,40,35689.767017
30.412388,40,35709.495362
30.243335,40,35729.692938
29.24195,40,35750.529839
31.654632,40,35770.284029
31.516767,40,35789.766135
30.876733,40,35809.611181
30.659888,40,35829.34426
29.805446,40,35849.483773
30.725116,40,35869.832742
31.009211,40,35889.977378
30.997803,40,35910.41224
30.438467,40,35930.95929
29.177389,40,35951.116319
29.711497,40,35971.963146
29.852547,40,35992.090705
31.049817,40,36013.405535
30.298985,40,36033.503545
29.980224,40,36053.992865
31.576088,40,36076.031019
32.492558,40,36100.115798
33.017303,40,36124.688978
31.571155,40,36149.358613
28.538378,40,36173.639843
31.24052,40,36198.236205
32.709965,40,36222.966703
33.088587,40,36247.899991
29.3911,40,36272.35039
30.182496,40,36296.002463
31.844034,40,36319.77372
29.198627,40,36344.068286
29.950455,40,36368.009127
30.577609,40,36391.976827
31.455848,40,36417.292196
32.170049,40,36441.85269
31.760964,40,36466.189173
28.980576,40,36490.358178
30.139599,40,36514.313165
31.021495,40,36549.736971
31.130195,40,36573.575499
28.44984,40,36597.826764
29.839356,40,36621.759153
30.902737,40,36645.995516
32.0298,40,36670.232359
31.896837,40,36694.45809
29.597432,40,36719.206318
30.691329,40,36742.866291
29.261834,40,36766.540432
1.96187,3,36768.290489
33.778074,40,36792.39208
30.137033,40,36816.697527
28.234354,40,36840.78575
32.782924,40,36864.740296
32.764989,40,36888.715487
30.071226,40,36912.579297
31.239085,40,36936.691717
31.625931,40,36960.455986
32.926016,40,36984.648924
31.885747,40,37008.837685
31.379389,40,37033.017116
29.914479,40,37057.149324
28.918313,40,37081.161319
31.915602,40,37105.21211
28.913693,40,37129.555941
29.232681,40,37153.424055
32.091089,40,37177.237212
30.28065,40,37200.846456
30.971789,40,37224.844928
30.636563,40,37248.582745
30.147148,40,37272.860083
32.297927,40,37297.040566
30.679006,40,37320.839023
29.555983,40,37344.113498
31.140214,40,37367.500382
33.228022,40,37391.633124
29.139319,40,37415.9481
30.337828,40,37439.857399
32.241827,40,37464.361524
31.496687,40,37488.860324
30.793451,40,37513.861387
23.742844,31,37532.684498
30.110306,38,37556.41334
30.227063,40,37580.774104
31.498107,40,37605.493842
30.325781,40,37629.157646
29.740208,40,37653.3598
30.44789,40,37677.516042
30.98221,40,37701.817054
29.676645,40,37725.651371
31.117925,40,37750.286451
30.016736,40,37786.08348
29.450074,40,37810.411566
29.416005,40,37833.971373
30.859264,40,37857.864877
32.676449,40,37881.715769
30.367148,40,37905.28358
29.926137,40,37929.520995
29.789997,40,37953.276016
31.431201,40,37976.706161
28.762582,40,38001.106553
30.67617,40,38024.909066
34.706625,40,38048.688086
29.513883,40,38072.895443
30.912219,40,38096.390046
29.560231,40,38120.055507
30.869101,40,38144.455239
31.075179,40,38169.081844
29.889297,40,38193.325954
32.271943,40,38217.165315
31.859547,40,38241.603732
28.965314,40,38264.187135
31.075413,40,38283.962803
16.305034,21,38294.277121
30.509681,40,38313.989688
31.615859,40,38333.61617
30.669341,40,38353.152553
30.221443,40,38372.779244
29.847432,40,38392.546516
30.287494,40,38412.81445
28.919796,40,38432.811478
30.590648,40,38452.968572
32.654867,40,38473.187084
34.312446,40,38493.239158
32.33067,40,38513.450278
30.155317,40,38533.568738
30.531028,40,38553.788138
32.132789,40,38574.036266
30.302131,40,38594.202945
33.452425,40,38615.507671
34.077722,40,38639.462288
30.386872,40,38663.502357
32.834887,40,38686.955659
31.928538,40,38710.9591
32.622307,40,38735.228961
32.374412,40,38759.741894
29.001635,40,38783.610048
33.721501,40,38807.07832
28.391373,40,38830.480019
29.696882,40,38853.58122
31.346172,40,38877.26345
32.328882,40,38901.269756
33.007876,40,38925.452089
30.361006,40,38959.425771
30.602868,40,38982.72773
32.621707,40,39005.898471
31.63032,40,39028.845088
29.410786,40,39051.809319
33.768104,40,39075.1647
28.019063,40,39098.415288
32.577993,40,39121.892564
30.398528,40,39145.320815
32.213949,40,39168.503987
32.102092,40,39192.092167
29.655556,40,39216.484829
28.963918,40,39239.789465
29.809101,40,39262.962782
30.955504,40,39286.288421
30.604941,40,39309.56581
30.70199,40,39333.053605
30.485095,40,39356.257361
31.971809,40,39380.017476
30.972719,40,39403.086091
31.803469,40,39426.061589
28.450959,35,39446.266538
29.307908,40,39469.664416
29.4944,40,39493.247481
30.156927,40,39516.293016
30.341683,40,39538.994071
31.33467,40,39561.782482
30.259137,40,39585.431307
29.825706,40,39608.906366
32.627951,40,39632.098821
29.284787,40,39655.531268
29.936734,40,39679.050659
31.144109,40,39702.178875
30.125333,40,39724.806362
29.420296,40,39747.940068
29.960337,40,39771.203535
31.395056,40,39794.489534
30.422345,40,39817.254576
35.238797,40,39839.960422
32.131091,40,39863.330991
30.758018,40,39886.61487
32.16997,40,39909.168787
30.182276,40,39931.823834
30.987519,40,39954.534008
31.986219,40,39977.712939
29.91119,40,40001.799628
32.07125,40,40025.006675
32.328574,40,40048.087804
29.482196,40,40071.597032
29.620289,40,40095.552835
30.780373,40,40118.804391
1.004679,2,40119.975042
30.388906,40,40153.471696
31.773502,40,40177.302185
33.323018,40,40200.532746
28.856875,40,40223.446588
30.408221,40,40246.634544
29.610043,40,40269.904305
30.665195,40,40293.551551
31.477372,40,40316.774083
31.372859,40,40340.439341
31.395562,40,40364.378415
29.867992,40,40387.365391
30.308581,40,40410.798167
28.684578,40,40434.185212
30.979576,40,40457.364346
30.954651,40,40480.411376
31.467023,40,40502.935087
32.958551,40,40526.43399
31.095589,40,40549.291681
29.146045,40,40572.755999
30.122988,40,40595.798432
29.196345,40,40618.816417
31.020029,40,40641.476104
29.743232,40,40664.725727
33.793247,40,40687.89177
33.084111,40,40711.545475
32.840286,40,40734.517891
32.167296,40,40757.493127
29.128393,40,40780.570605
34.890455,40,40804.05635
31.747403,40,40827.530029
31.071915,40,40850.607854
29.731051,40,40873.477193
31.73403,40,40896.350437
31.144487,40,40919.551389
30.361875,40,40942.889616
29.065393,40,40965.925891
30.647726,40,40988.686771
29.823138,40,41011.472351
29.046138,40,41034.797904
29.424553,40,41058.024362
31.953618,40,41081.005207
29.585362,40,41103.783818
31.736483,40,41127.561174
30.642585,40,41150.548289
29.445014,40,41170.406911
30.115398,40,41191.198559
30.287633,40,41210.83569
29.054125,40,41229.790472
29.80355,40,41249.19085
32.886143,40,41268.220971
31.843082,40,41287.266283
29.222812,40,41314.531076
32.33494,40,41333.8262
33.476358,40,41353.011998
28.959282,40,41372.104475
29.881328,40,41390.688519
30.315744,40,41409.459553
30.336148,40,41428.545735
30.694307,40,41447.710637
32.886193,40,41466.579397
29.322343,40,41485.378112
29.13369,40,41504.389897
30.780187,40,41523.724065
32.836134,40,41543.053834
32.295983,40,41562.852346
28.43746,40,41582.518128
32.324809,40,41602.623723
31.300104,40,41622.374654
31.611973,40,41641.599532
31.4623,40,41660.735685
32.116915,40,41679.955719
32.068973,40,41698.979775
30.318448,40,41718.034496
32.375853,40,41737.356399
30.170615,40,41756.710999
29.281755,40,41776.016915
33.314647,40,41795.118019
31.654183,40,41814.975052
31.490541,40,41833.666941
30.813901,40,41852.407579
32.247509,40,41871.005099
31.489157,40,41890.569563
31.666347,40,41909.41173
31.680603,40,41928.175342
32.946511,40,41947.269912
31.404015,40,41966.763091
31.881673,40,41986.172709
29.037964,40,42005.473862
30.047227,40,42024.674479
30.200511,40,42044.071474
28.697853,40,42063.584716
32.26923,40,42083.286146
28.523695,40,42102.180183
31.924242,40,42121.333212
30.946723,40,42140.807651
31.027417,40,42160.309321
30.005183,40,42179.531975
30.266729,40,42198.264681
30.363411,40,42217.191818
33.141167,40,42236.198341
31.992799,40,42255.100632
29.457599,40,42274.185617
30.359201,40,42293.694447
29.965953,40,42320.339493
31.083363,40,42339.36275
30.625793,40,42358.250276
31.093582,40,42377.167277
29.245969,40,42396.151001
30.867953,40,42415.41997
30.33583,40,42434.770447
30.486819,40,42454.092397
21.338709,40,42473.757065
31.898186,40,42493.315791
32.072671,40,42512.139674
31.326659,40,42531.144192
31.154226,40,42549.925001
30.305798,40,42569.208544
34.168182,40,42588.915505
31.515984,40,42608.572109
29.88134,40,42627.808281
19.911111,40,42647.217564
31.174566,40,42666.441803
32.33553,40,42685.895874
31.306119,40,42705.54028
32.071056,40,42725.543773
30.373327,40,42745.087391
29.623605,40,42764.07284
32.209452,40,42783.06181
31.022074,40,42801.924247
30.205215,40,42820.804398
32.895798,40,42839.653121
29.46318,40,42858.492996
30.519918,40,42877.411406
29.639558,40,42896.964242
30.794029,40,42916.680073
32.868937,40,42936.428285
31.140703,40,42956.327439
29.765806,40,42976.172149
29.849695,40,42995.731894
32.252172,40,43014.828021
31.785948,40,43034.013749
32.761165,40,43053.118573
30.045235,40,43072.484755
33.928401,40,43091.355658
28.682943,40,43111.01287
31.312662,40,43131.781554
28.444444,40,43150.982403
29.734507,40,43170.967322
31.537014,40,43191.159265
32.78443,40,43211.191748
29.960606,40,43230.5927
29.45154,40,43249.277629
29.98825,40,43268.127107
30.754119,40,43287.25276
32.17982,40,43313.738084
33.718217,40,43332.648869
29.159015,40,43351.523132
29.862945,40,43371.292019
30.803219,40,43390.567724
30.70144,40,43410.026247
32.77567,40,43429.347991
33.533914,40,43448.583041
31.917081,40,43467.996156
30.475612,40,43487.112929
31.145321,40,43506.096607
29.681273,40,43524.919008
30.919933,40,43543.814848
3.322443,5,43546.216227
30.312406,40,43565.126578
31.128708,40,43584.086699
31.694642,40,43602.999211
30.276254,40,43621.83583
31.703988,40,43640.777664
30.281417,40,43659.6635
31.376475,40,43678.919972
32.872333,40,43698.14412
33.941507,40,43717.809458
29.967072,40,43737.38316
33.236249,40,43757.292148
30.727541,40,43777.07777
30.783814,40,43796.778835
30.904218,40,43816.206946
32.083463,40,43835.591336
30.768006,40,43854.557071
31.365045,40,43873.647881
31.129295,40,43892.699
31.709344,40,43911.717701
29.892683,40,43930.620344
31.145041,40,43949.815683
30.021114,40,43968.90341
32.005386,40,43988.018832
29.851107,40,44007.009985
29.013434,40,44026.235557
29.710744,40,44045.223067
31.952041,40,44064.346524
30.414742,40,44083.383705
34.119005,40,44102.625647
34.175112,40,44121.90672
31.69441,40,44141.105291
30.401821,40,44160.243247
32.751055,40,44179.194474
30.816484,40,44198.331921
30.966898,40,44217.519068
33.749685,40,44236.66126
32.253153,40,44255.874008
32.158038,40,44275.083251
31.037419,40,44301.231096
30.383272,40,44320.294352
30.48518,40,44339.439391
31.456476,40,44358.576092
34.665833,40,44377.77463
31.556765,40,44396.98401
30.186542,40,44416.038376
30.828928,40,44435.059103
29.881338,40,44454.368072
31.964114,40,44473.529259
32.231245,40,44492.656109
32.119633,40,44511.823609
30.908105,40,44530.829877
29.119472,40,44550.050694
29.715229,40,44569.274993
32.846444,40,44588.455454
30.532371,40,44607.623524
29.920804,40,44626.743859
28.978328,40,44645.878117
29.337763,40,44665.066484
30.717034,40,44684.119632
29.706066,40,44703.237399
31.744036,40,44722.510319
32.102828,40,44741.560301
30.667894,40,44760.636869
32.450118,40,44779.670647
30.130672,40,44798.801516
30.536302,40,44817.814877
33.206383,40,44836.890787
30.006961,40,44855.916063
32.869852,40,44875.106362
30.833056,40,44894.237712
29.910267,40,44913.455925
31.576925,40,44932.72339
32.403005,40,44951.782831
31.576794,40,44970.903997
31.003424,40,44990.14439
31.583501,40,45009.462516
31.798584,40,45028.582523
30.912416,40,45047.802914
30.650975,40,45067.053617
30.224006,40,45086.283615
32.315645,40,45105.491787
30.779702,40,45124.672588
31.249021,40,45143.913884
29.510793,40,45162.987201
31.521554,40,45182.108958
20.714199,27,45195.113172
31.771389,40,45214.182552
29.305442,40,45233.440115
30.109608,40,45252.606096
29.864057,40,45278.905437
32.277937,40,45297.976427
32.425902,40,45317.081783
31.503482,40,45336.081168
30.114123,40,45355.292859
30.829797,40,45374.330154
31.283101,40,45393.352537
34.888672,40,45412.573498
31.779121,40,45431.528212
31.691043,40,45450.739638
31.639912,40,45469.862075
30.110816,40,45489.003017
30.46195,40,45508.203511
29.748228,40,45527.261444
31.615484,40,45546.452514
33.125488,40,45565.724937
31.301813,40,45584.870034
31.537567,40,45604.002279
35.296808,40,45623.23087
32.795395,40,45642.318595
32.014584,40,45661.422475
31.019184,40,45680.4816
30.081088,40,45699.619222
33.287449,40,45718.805331
32.964569,40,45737.852353
31.670318,40,45757.034031
20.583011,27,45769.900229
31.175246,40,45789.008407
30.173957,40,45808.193007
30.919044,40,45827.245796
20.864647,23,45838.311717
32.889946,40,45857.404427
30.038898,40,45876.522768
30.609771,40,45895.542852
31.249604,40,45914.618516
30.369015,40,45933.653244
31.912694,40,45952.839671
30.206363,40,45971.933849
32.252586,40,45991.204674
31.203623,40,46010.356055
31.82434,40,46029.468238
30.009286,40,46048.558523
24.268821,29,46062.505538
33.049598,40,46081.746125
30.700051,40,46100.993822
30.733944,40,46120.068257
29.902651,40,46139.271902
29.887294,40,46158.448187
33.322641,40,46177.596925
31.421817,40,46196.838029
34.467254,40,46215.918906
30.99589,40,46234.969001
31.833749,40,46254.093049
31.057664,40,46280.229689
32.504199,40,46299.333596
32.114786,40,46318.414771
30.853976,40,46337.537435
26.853296,33,46353.293444
31.351347,40,46372.406515
1.782459,3,46373.823309
29.845868,40,46393.012762
32.305493,40,46412.232676
35.872649,40,46431.397252
30.976679,40,46450.535665
31.245569,40,46469.702397
31.606966,40,46488.761572
26.835659,33,46504.543432
31.603385,40,46523.756311
30.254519,40,46542.844559
31.873789,40,46561.957151
29.969042,40,46580.919708
30.853961,40,46600.057118
21.001433,26,46612.418098
32.048115,40,46631.399822
31.408026,40,46650.424329
29.963753,40,46669.569621
32.942812,40,46688.622433
30.145701,40,46707.679531
32.155732,40,46726.819735
29.325139,40,46745.729592
31.904289,40,46764.962523
24.195903,31,46779.848934
30.052888,40,46798.866982
30.529051,40,46818.162798
33.322118,40,46837.31598
32.659802,40,46856.416066
30.906651,40,46875.711094
30.947893,40,46894.704951
33.810144,40,46913.761595
34.671719,40,46932.808402
32.343224,40,46951.877911
30.847345,40,46971.061733
34.283956,40,46990.199956
30.883129,40,47009.332358
30.434064,40,47028.44315
29.902266,40,47047.500191
33.161765,40,47066.59195
31.798718,40,47085.663012
30.701421,40,47104.926214
34.682518,40,47124.156369
30.727551,40,47143.245606
30.170112,40,47162.494842
31.874089,40,47181.726767
31.073319,40,47200.806469
31.579711,40,47219.908233
32.330279,40,47239.043965
30.967514,40,47265.26558
31.186053,40,47284.343923
33.175429,40,47303.412929
30.437341,40,47322.460612
34.126861,40,47341.475183
33.831777,40,47360.518086
30.365166,40,47379.417765
34.296196,40,47398.462344
31.781617,40,47417.503938
31.168177,40,47436.845526
33.289326,40,47455.853822
29.885913,40,47474.951008
29.795997,40,47494.030917
30.204298,40,47513.097599
31.624826,40,47532.229432
32.187104,40,47551.410988
30.526251,40,47570.408895
33.20466,40,47589.405511
4.564499,6,47592.259677
33.763982,40,47611.373285
32.236477,40,47630.286239
30.007029,40,47649.399173
30.737407,40,47668.471709
29.96495,40,47687.59074
32.734401,40,47706.683256
30.846607,40,47725.667121
33.343453,40,47744.844246
30.822219,40,47763.852086
33.312762,40,47783.030829
30.082676,40,47802.152141
30.275828,40,47821.345735
14.09593,15,47828.523965
31.043899,40,47847.68488
34.168021,40,47866.869198
31.568813,40,47885.937705
35.220393,40,47904.988256
30.754181,40,47924.048452
30.50495,40,47943.060503
31.879012,40,47961.90665
31.745799,40,47980.939989
32.405983,40,48000.10886
29.824019,40,48019.181723
30.732616,40,48038.290358
30.644647,40,48057.464587
34.220505,40,48076.544167
29.841118,40,48095.674478
29.944808,40,48114.785719
30.685986,40,48133.878104
30.963794,40,48153.077584
31.060362,40,48172.301496
33.581741,39,48190.881953
19.583661,25,48202.860183
29.807378,40,48221.951299
31.052174,40,48248.203839
30.29004,40,48267.367954
32.426411,40,48286.325273
30.833743,40,48305.466099
29.605396,40,48324.504285
31.140583,40,48343.604332
31.790583,40,48362.572254
30.36045,40,48381.816682
29.984733,40,48400.74911
32.485082,40,48419.719314
30.634448,40,48438.784937
29.52908,40,48457.64332
30.287189,40,48476.630652
33.641949,40,48495.674463
29.79235,40,48514.81594
29.362334,40,48533.945589
29.648038,40,48553.059014
32.208685,40,48572.209442
33.308361,40,48591.380112
32.333472,40,48610.463397
30.79758,40,48629.649621
32.894709,40,48648.676448
31.69542,40,48667.864779
28.323121,40,48686.948539
15.278077,20,48696.484846
31.787904,40,48715.586327
30.870726,40,48734.355785
31.118668,40,48753.60406
31.297026,40,48772.617619
32.66259,40,48791.780857
30.555001,40,48810.772148
33.823357,40,48829.881966
29.699568,40,48848.912902
29.384273,40,48867.794547
31.284277,40,48886.94358
30.046102,40,48905.917355
30.239289,40,48925.067785
33.357303,40,48944.111557
32.338665,40,48963.281839
30.308625,40,48982.407526
33.197587,40,49001.545356
30.136957,40,49020.709144
29.948461,40,49039.745369
18.501717,24,49051.161722
29.096227,40,49070.3009
29.552833,40,49089.311101
31.28664,40,49108.613864
30.298181,40,49127.660385
30.449454,40,49146.64203
30.15052,40,49165.909023
33.122023,40,49185.095306
31.327939,40,49204.209891
30.218145,40,49230.394771
31.0816,40,49249.717466
29.79293,40,49268.86331
31.957011,40,49287.924576
31.049992,40,49307.214783
31.428284,40,49326.240205
31.25242,40,49345.347146
29.846433,40,49364.42819
31.574402,40,49383.57925
30.822774,40,49402.626142
30.208988,40,49422.05273
32.301795,40,49441.060327
31.173573,40,49460.07479
31.619024,40,49479.26845
32.489504,40,49498.281277
30.055194,40,49517.33145
30.045311,40,49536.485462
28.613171,40,49555.602664
29.875435,40,49574.438586
29.774623,40,49593.469995
31.745701,40,49612.456424
32.116622,40,49631.473642
31.104841,40,49650.578042
31.399603,40,49669.703299
32.447737,40,49688.748663
31.846797,40,49707.840797
30.554532,40,49726.926028
30.10041,40,49745.997078
31.385803,40,49764.937594
29.469887,40,49784.031976
31.46745,40,49803.270655
31.298681,40,49822.285141
33.829955,40,49841.414896
31.63633,40,49860.521166
30.238292,40,49879.532154
30.907039,40,49898.62003
32.556037,40,49917.828596
31.67919,40,49937.027905
29.18332,40,49956.082586
29.409002,40,49975.222188
31.916639,40,49994.495463
28.663085,40,50013.497044
32.38712,40,50032.754156
28.683195,40,50051.811702
31.162868,40,50070.84824
30.411298,40,50090.074088
28.485184,40,50109.127781
30.000461,40,50128.216043
29.969542,40,50147.302904
31.759513,40,50166.468827
30.94962,40,50185.4647
32.837508,40,50211.615509
31.122921,40,50230.779786
32.008903,40,50249.928808
30.492551,40,50269.112925
32.710514,40,50288.205216
30.528657,40,50307.261919
32.038352,40,50326.400875
31.130182,40,50345.566358
31.957652,40,50364.546543
34.047125,40,50383.575548
33.631193,40,50402.728774
29.887937,40,50421.871224
30.587565,40,50441.109502
31.394746,40,50460.332057
31.761869,40,50479.470341
30.747182,40,50498.565243
30.249861,40,50517.797748
32.418488,40,50537.218555
32.389443,40,50556.380272
31.042569,40,50575.599427
31.751042,40,50594.708027
31.694866,40,50613.906392
32.681039,40,50633.007964
31.30123,40,50652.12543
30.001923,40,50671.387664
27.367061,35,50688.054063
32.237486,40,50707.132443
30.80105,40,50726.335132
30.954163,40,50745.475046
33.268282,40,50764.586288
31.440206,40,50783.609761
29.631948,40,50802.761426
32.031418,40,50821.992888
30.393664,40,50841.161128
32.230718,40,50860.459491
28.834404,40,50879.56507
16.372077,21,50889.684334
30.83393,40,50908.788664
31.449408,40,50927.831477
30.557564,40,50947.037759
31.703731,40,50966.182977
29.54814,40,50985.320051
30.334476,40,51004.588553
33.306296,40,51023.740993
30.77166,40,51042.858855
29.299461,40,51061.862067
28.555851,40,51080.950215
32.273042,40,51100.048828
31.501063,40,51119.077739
33.15271,40,51138.162042
31.532004,40,51157.340786
31.863234,40,51176.380833
29.717979,40,51202.814426
21.502666,28,51216.204203
32.543403,40,51235.350871
31.954548,40,51254.550437
31.474541,40,51273.84505
31.191971,40,51293.207076
31.418438,40,51312.440825
31.270852,40,51331.439822
33.282873,40,51350.4733
32.410782,40,51369.730417
29.684064,40,51388.731758
30.14508,40,51407.769352
30.35488,40,51427.03665
31.566373,40,51446.268042
30.701048,40,51465.398229
30.202541,40,51484.494
30.104628,40,51503.545822
30.541853,40,51522.49455
30.952156,40,51541.665721
31.065079,40,51560.752503
29.297264,40,51579.85067
30.706653,40,51599.126976
33.151818,40,51618.355682
30.239964,40,51637.461149
31.560741,40,51656.670603
32.233531,40,51675.640944
33.188766,40,51694.773524
30.177706,40,51713.885886
28.192028,40,51733.198025
30.937248,40,51752.353006
30.152392,40,51771.586668
27.176362,40,51790.685774
31.816089,40,51809.950387
30.4412,40,51828.93747
31.179865,40,51847.899082
33.113102,40,51866.87066
31.12231,40,51885.853931
31.034524,40,51904.964081
24.933333,40,51924.037558
30.887226,40,51943.305662
32.516619,40,51962.510252
31.553955,40,51981.501389
30.648936,40,52000.634327
30.915648,40,52019.565252
33.379051,40,52038.758101
30.42463,40,52057.795667
31.046692,40,52076.970477
29.848166,40,52096.043583
29.753807,40,52115.142305
31.338751,40,52134.289678
29.424577,40,52153.470136
32.335462,40,52179.832915
31.516801,40,52198.992654
29.767745,40,52218.052897
33.511383,40,52237.17889
29.466275,40,52256.370953
33.488387,40,52275.529909
30.274091,40,52294.697281
30.943167,40,52313.720592
30.471936,40,52332.989228
31.387425,40,52352.000721
32.532627,40,52371.050504
29.840575,40,52390.208071
28.873988,40,52409.422321
34.402131,40,52428.51748
27.059508,34,52444.760204
30.608929,40,52463.876264
32.416354,40,52482.976042
29.840852,40,52502.147889
30.976244,40,52521.250653
29.673235,40,52540.349756
31.381973,40,52559.500503
29.125413,40,52578.60567
28.104851,40,52597.537834
34.218069,40,52616.702881
29.64662,40,52635.886062
32.28551,40,52654.982233
31.880879,40,52674.165734
33.046629,40,52693.273537
32.022344,40,52712.376861
31.815644,40,52731.512784
30.143608,40,52750.589496
31.090497,40,52769.88334
30.831673,40,52788.94153
31.281564,40,52808.157517
31.821226,40,52827.331516
30.029944,40,52846.549867
33.180654,40,52865.738992
30.724332,40,52884.679009
32.860635,40,52903.788446
31.727474,40,52922.950616
32.41522,40,52942.094859
31.503336,40,52961.150925
32.037677,40,52980.180684
28.444444,40,52999.251866
30.256079,40,53018.339461
31.911382,40,53037.499358
30.909242,40,53056.515825
32.059263,40,53075.697016
31.405913,40,53094.815294
30.416213,40,53113.898246
34.357887,40,53133.240383
34.45525,40,53152.351809
29.776712,40,53178.521174
31.099729,40,53197.726349
30.976248,40,53216.717558
34.525617,40,53235.768285
32.970256,40,53254.844704
31.493839,40,53273.935717
30.891319,40,53293.009913
33.311108,40,53312.321375
30.347504,40,53331.557528
29.871526,40,53350.659508
32.004237,40,53369.767459
31.112295,40,53388.977278
32.082301,40,53408.240422
32.638604,40,53427.363202
30.287972,40,53446.642725
31.852082,40,53465.827838
30.862832,40,53484.786824
30.419169,40,53504.07995
30.272334,40,53523.149614
31.78835,40,53542.052077
29.867432,40,53561.16415
29.766897,40,53580.12307
33.076995,40,53599.222166
31.571577,40,53618.501402
33.500082,40,53637.673375
31.52385,40,53656.856113
32.526331,40,53675.87482
29.642623,40,53695.056519
29.386308,40,53714.186183
31.265514,40,53733.323599
30.162637,40,53752.599459
31.993329,40,53771.841914
31.156693,40,53790.926253
31.332141,40,53810.186364
32.985301,40,53829.389702
29.972191,40,53848.355394
32.21816,40,53867.257941
32.348838,40,53886.293143
30.193426,40,53905.423691
32.0864,40,53924.465778
30.356219,40,53943.535707
30.360545,40,53962.68226
28.882234,40,53981.947947
30.183652,40,54001.111548
31.480757,40,54020.182977
32.112763,40,54039.245037
30.815477,40,54058.41941
30.463932,40,54077.473573
32.505083,40,54096.495588
30.417769,40,54115.753704
32.531787,40,54134.809489
34.353196,40,54161.102483
31.7152,40,54180.068095
31.224059,40,54199.096945
30.551265,40,54218.280811
30.511473,40,54237.32432
31.450477,40,54256.409521
32.489204,40,54275.467403
31.472194,40,54294.453029
32.253775,40,54313.620391
31.252767,40,54332.555197
31.210836,40,54351.608853
31.911596,40,54370.615889
29.610916,40,54389.5353
30.188808,40,54408.513672
34.753947,40,54427.704584
30.984955,40,54446.703313
25.624996,31,54461.556974
31.315564,40,54480.731629
32.586634,40,54500.011765
5.254322,7,54503.334116
30.192927,40,54522.524704
30.681642,40,54541.618621
33.151649,40,54560.763447
29.982686,40,54579.948361
30.134396,40,54599.024561
20.854928,27,54611.943533
32.991724,40,54631.16186
32.012871,40,54650.295843
30.756345,40,54669.640995
31.826236,40,54688.740027
30.999367,40,54707.813249
31.28037,40,54726.840769
30.120694,40,54745.882581
31.197539,40,54764.847688
33.375681,40,54784.112305
35.689602,40,54803.408908
32.615467,40,54822.527539
31.351672,40,54841.580944
30.189605,40,54860.656924
30.937725,40,54879.839895
31.002808,40,54898.801918
32.928253,40,54917.931173
30.035231,40,54936.951004
34.002031,40,54956.064629
30.806624,40,54975.128205
29.776506,40,54994.032569
30.050251,40,55012.884346
32.783456,40,55032.089837
32.984247,40,55051.33057
31.686309,40,55070.447161
30.268443,40,55089.507185
31.280582,40,55108.585404
30.651769,40,55134.867356
30.800575,40,55154.043262
30.62482,40,55173.129076
33.563525,40,55192.142539
32.265054,40,55211.540085
30.378653,40,55230.722897
30.340568,40,55249.842593
29.905858,40,55269.001644
32.33334,40,55288.261322
30.58517,40,55307.302054
29.350689,40,55326.277041
32.151541,40,55345.484249
33.028297,40,55364.574174
33.512873,40,55383.572181
34.731841,40,55402.828883
30.995328,40,55421.929005
31.597399,40,55440.922278
29.851364,40,55460.043291
30.632153,40,55479.052005
30.115524,40,55498.194142
14.352096,18,55506.753721
29.744291,40,55525.947361
31.528854,40,55545.12397
31.007698,40,55564.337019
29.112445,40,55583.523387
31.143207,40,55602.566131
30.519769,40,55621.667398
33.062835,40,55640.667514
30.0626,40,55659.713799
30.833448,40,55678.73663
33.061883,40,55697.911244
30.320405,40,55717.050778
31.498788,40,55736.008924
29.605421,40,55754.923362
30.668324,40,55774.039839
29.640839,40,55793.067164
32.654844,40,55812.113935
32.691518,40,55831.190596
31.452519,40,55850.292257
32.127906,40,55869.625989
31.056445,40,55888.778988
30.466468,40,55908.116836
34.697913,40,55927.288962
30.400415,40,55946.344777
30.273176,40,55965.55949
32.157455,40,55984.683203
35.653382,40,56003.926437
30.808055,40,56023.134562
32.920809,40,56042.239499
14.020787,18,56050.826143
31.907107,40,56069.900387
30.069755,40,56088.923791
29.895919,40,56108.085769
21.019221,27,56128.139406
33.10551,40,56147.39706
31.35517,40,56166.543138
32.680402,40,56185.548907
31.207562,40,56204.660911
31.130823,40,56223.69889
31.054554,40,56242.758882
29.698522,40,56261.808837
31.326412,40,56281.166163
30.838269,40,56300.24293
32.051339,40,56319.523015
31.714328,40,56338.716518
29.966855,40,56357.735033
33.617166,40,56376.88927
29.244035,40,56396.117485
29.915826,40,56415.079365
32.127638,40,56434.12681
33.472818,40,56452.998102
30.47127,40,56472.073527
34.292856,40,56491.243859
35.232359,40,56510.35071
32.168735,40,56529.28492
34.075207,40,56548.346932
33.109171,40,56567.620797
30.932275,40,56586.887581
31.746389,40,56605.775603
30.598277,40,56624.994987
31.832321,40,56644.19658
32.809653,40,56663.221563
31.303877,40,56682.312143
31.757694,40,56701.323258
31.843165,40,56720.390896
31.696256,40,56739.54981
28.712769,40,56758.613801
30.267009,40,56777.911514
33.880769,40,56796.995324
29.75412,40,56816.082252
34.285707,40,56835.330652
31.420543,40,56854.218904
31.338039,40,56873.168204
31.688532,40,56892.248331
32.618523,40,56911.390398
32.193092,40,56930.432313
31.807918,40,56949.490269
32.519199,40,56968.636894
31.157321,40,56987.938813
30.924612,40,57007.123018
32.442406,40,57026.224438
30.775271,40,57045.248322
32.064896,40,57064.391745
29.675037,40,57083.382357
33.98855,40,57109.767377
30.767738,40,57128.975618
30.972848,40,57148.160887
30.890021,40,57167.400143
32.562595,40,57186.253228
30.483848,38,57204.396292
30.454627,40,57223.503555
30.533476,40,57242.614418
30.752056,40,57261.759148
30.942706,40,57280.843583
32.306234,40,57300.116087
34.439966,40,57319.320899
32.919042,40,57338.426639
32.203901,40,57357.48122
31.058483,40,57376.567715
30.243166,40,57395.598225
6.419322,8,57399.393735
31.34332,40,57418.486551
31.233132,40,57437.566197
30.765025,40,57456.837269
30.949421,40,57475.865547
32.762931,40,57495.042729
31.153102,40,57514.077604
31.206407,40,57533.089315
30.539866,40,57552.32492
32.94054,40,57571.579503
31.926668,40,57590.851488
30.103178,40,57610.068138
29.775984,40,57629.292668
31.737061,40,57648.511015
32.918324,40,57667.773114
31.81193,40,57686.916088
31.740865,40,57705.86627
30.963421,40,57725.099812
32.824387,40,57744.250656
31.516282,40,57763.307187
31.625218,40,57782.610103
30.601751,40,57801.757073
32.400288,40,57821.155307
31.030117,40,57840.391522
33.055896,40,57859.642037
25.686282,32,57874.822577
31.73322,40,57893.897397
30.652902,40,57912.96265
33.465174,40,57932.15636
32.912071,40,57951.085982
31.574191,40,57970.269422
30.983697,40,57989.445725
32.978446,40,58008.589897
32.671585,40,58027.860677
30.948549,40,58046.88619
34.741141,40,58065.9937
32.576909,40,58092.171134
30.946259,40,58111.293591
29.942163,40,58130.39914
33.61722,40,58149.679264
34.528157,40,58168.805801
31.520965,40,58187.943531
34.112751,40,58207.098253
32.356721,40,58226.199813
30.715606,40,58245.168288
32.564959,40,58264.088784
31.091224,40,58283.192106
33.881037,40,58302.320005
31.208249,40,58321.356217
8.548738,10,58326.204134
30.86909,40,58345.465519
31.91964,40,58364.646463
29.992201,40,58383.709321
34.424796,40,58402.803475
30.813254,40,58421.953361
31.414193,40,58441.119302
33.044758,40,58460.199831
32.786078,40,58479.213287
31.791474,40,58498.458344
32.503458,40,58517.607467
33.455371,40,58536.792895
30.746272,40,58555.90609
24.681592,31,58570.726308
31.107107,40,58589.931091
31.926897,40,58609.028331
36.04756,40,58628.375157
20.899064,28,58641.792393
31.508578,40,58660.754856
35.186096,40,58679.92672
24.883784,40,58698.90833
30.873279,40,58718.115558
31.557452,40,58737.164594
32.169395,40,58756.247825
31.060538,40,58775.354567
32.004416,40,58794.377397
31.064472,40,58813.536488
31.67483,40,58832.798066
32.938497,40,58851.808569
31.285167,40,58870.881409
30.709475,40,58890.021741
32.145266,40,58909.124459
33.672325,40,58928.117554
32.430729,40,58947.17735
33.115547,40,58966.366065
32.567165,40,58985.453495
31.75588,40,59004.717656
31.946835,40,59023.901993
34.43109,40,59043.12528
31.545788,40,59062.328584
34.345422,40,59088.613415
31.235814,40,59107.778461
33.035913,40,59127.091754
33.475571,40,59146.226805
33.284024,40,59165.270639
32.810675,40,59184.345704
31.330981,40,59203.506894
29.958961,40,59222.648385
33.158226,40,59241.65484
31.901473,40,59260.680623
33.138643,40,59279.971515
33.961331,40,59298.985713
33.086563,40,59318.320057
30.865734,40,59337.504669
31.355722,40,59356.559999
30.868683,40,59375.75203
30.816482,40,59394.691357
31.586735,40,59413.874794
30.219923,40,59432.988539
17.826838,23,59443.981299
32.9661,40,59463.067459
31.292332,40,59482.140443
33.928271,40,59501.250696
32.691758,40,59520.305644
33.091125,40,59539.368766
30.804625,40,59558.500026
31.385105,40,59577.60531
31.309699,40,59596.864301
33.73885,40,59615.903975
33.073682,40,59634.993283
31.791428,40,59654.236732
34.440872,40,59673.318577
31.156831,40,59692.464311
31.178552,40,59711.525989
30.947277,40,59730.641243
21.283871,27,59743.504825
31.494684,40,59762.516942
31.876571,40,59781.490882
29.849412,40,59800.737378
35.393341,40,59819.878739
30.984292,40,59838.987314
30.883885,40,59857.960364
30.631646,40,59877.295714
32.410839,40,59896.421141
32.64293,40,59915.586177
32.631403,40,59934.723926
31.189778,40,59953.730534
30.757346,40,59972.863967
30.116443,40,59991.99226
30.775862,40,60011.264939
32.866432,40,60030.490736
34.154101,40,60049.601382
32.111995,40,60075.912264
33.280961,40,60095.101803
34.369547,40,60114.240045
36.075716,40,60133.318485
30.891497,40,60152.404709
29.596671,40,60171.50303
33.219881,40,60190.734223
32.541491,40,60209.871863
31.026766,40,60228.851676
31.649098,40,60247.94763
31.719219,40,60267.153588
31.183132,40,60286.15665
30.690981,40,60305.367588
31.254388,40,60324.424452
30.916106,40,60343.539638
33.739197,40,60362.833983
35.268026,40,60381.96175
31.067725,40,60401.13404
31.437751,40,60420.221669
32.101331,40,60439.283418
33.535672,40,60458.341536
31.145749,40,60477.437299
31.616788,40,60496.560299
31.756909,40,60515.852056
33.849861,40,60534.942391
31.256518,40,60554.035799
35.030674,40,60573.270082
31.309217,40,60592.293444
33.544758,40,60611.474534
32.26891,40,60630.593092
31.967104,40,60649.575147
30.686457,40,60668.638988
32.759392,40,60687.795565
25.489953,32,60703.108327
34.632865,40,60722.337453
30.379028,40,60741.751244
31.791887,40,60760.994095
31.089049,40,60780.345159
33.611298,40,60799.492043
31.066163,40,60818.634586
30.378948,40,60837.907593
3.892627,5,60840.34032
33.162759,40,60859.395933
31.93157,40,60878.469987
31.840673,40,60897.807639
33.029276,40,60916.905721
30.56179,40,60936.189661
30.906354,40,60955.251726
32.25137,40,60974.44742
32.15437,40,60993.390474
30.726308,40,61012.472609
31.849409,40,61031.428483
30.453671,40,61057.613303
29.831813,40,61076.667965
31.341786,40,61095.981842
32.588653,40,61114.989159
30.4079,40,61134.276013
31.374803,40,61153.475632
33.280801,40,61172.542246
29.77551,40,61191.856354
35.145136,40,61211.060748
33.68223,40,61230.218836
31.081899,40,61249.312396
32.077353,40,61268.510396
32.358098,40,61287.623488
30.687623,40,61306.721192
31.037225,40,61325.894276
32.832992,40,61344.886697
33.156942,40,61364.025631
31.359093,40,61383.200649
32.241679,40,61402.360125
32.197196,40,61421.551242
31.515836,40,61440.862421
30.915924,40,61460.138699
32.733404,40,61479.262486
31.573094,40,61498.439049
36.01528,40,61517.547897
32.212531,40,61536.829505
32.195278,40,61555.927396
31.493865,40,61575.01241
31.69059,40,61594.119231
31.862863,40,61613.370579
31.774162,40,61632.502631
33.191475,40,61651.749247
32.552183,40,61670.80369
31.455307,40,61689.918849
30.820497,40,61708.920765
33.767854,40,61728.140882
30.946529,40,61747.373088
32.264936,40,61766.571049
31.233058,40,61785.655628
30.652858,40,61804.795923
32.833761,40,61823.979318
31.449111,40,61843.062308
31.517592,40,61862.152
31.224323,40,61881.254535
30.976846,40,61900.354698
31.827181,40,61919.463194
30.713298,40,61938.805224
31.753487,40,61957.952713
32.196634,40,61977.023809
32.556012,40,61996.023672
31.565895,40,62014.995594
31.094773,40,62041.218544
30.801476,40,62060.206436
31.085172,40,62079.341258
32.842896,40,62098.359362
31.302497,40,62117.80228
34.23564,40,62137.366275
31.20366,40,62156.983627
30.796563,40,62176.17765
33.988654,40,62195.361712
30.192289,40,62214.446323
32.913346,40,62233.624215
30.219504,40,62252.922305
32.655573,40,62272.08465
30.904229,40,62291.189896
30.851421,40,62310.352603
31.442534,40,62329.414838
30.49154,40,62348.434174
31.1739,40,62367.600182
31.111084,40,62386.788936
31.961796,40,62405.933388
29.816175,40,62425.10912
32.503912,40,62444.318442
31.597664,40,62463.436494
33.918507,40,62482.600759
31.689669,40,62501.706558
35.229167,40,62520.825918
29.997699,40,62539.990976
33.618967,40,62559.245921
33.774572,40,62578.414043
33.44267,40,62597.73239
31.731652,40,62616.981154
31.471542,40,62636.310487
33.882306,40,62655.535194
29.224004,40,62674.535579
32.252066,40,62693.592448
31.695481,40,62712.617682
30.573825,40,62731.787209
34.290386,40,62751.26152
34.503817,40,62770.294775
33.49721,40,62789.455029
30.398986,40,62808.61448
31.115533,40,62827.836757
32.569922,40,62847.166905
31.309121,40,62866.262515
32.453455,40,62885.37544
32.105639,40,62904.484433
32.354225,40,62923.730409
30.996041,40,62942.889859
30.412381,40,62961.830291
34.470301,40,62981.047415
31.505591,40,63000.253805
31.766973,40,63019.380482
31.116289,40,63045.536971
30.65904,40,63064.689056
32.285998,40,63083.779118
31.960341,40,63103.044081
30.931151,40,63122.364718
34.682384,40,63141.419736
31.278794,40,63160.761791
33.353428,40,63180.062579
33.051236,40,63199.279117
33.420009,40,63218.414509
33.672625,40,63237.468313
30.779817,40,63256.582298
30.16942,40,63275.63858
32.21638,40,63294.901335
29.875062,40,63314.174935
33.649396,40,63333.190883
33.157807,40,63352.460878
31.842228,40,63371.653074
32.334927,40,63390.956263
30.487104,40,63409.978886
30.867308,40,63429.06459
34.396171,40,63448.218266
30.581466,40,63467.412596
33.42602,40,63486.522738
38.117882,40,63505.735787
33.729171,40,63524.822518
31.701975,40,63543.867136
30.898302,40,63562.924529
30.883333,40,63581.988644
32.40641,40,63601.207288
33.277873,40,63620.340312
34.470613,40,63639.399449
31.918521,40,63658.536793
31.884176,40,63677.824872
31.095364,40,63697.011103
30.585413,40,63716.120704
32.335996,40,63735.118203
32.069931,40,63754.576572
32.498659,40,63773.703736
33.740862,40,63792.887919
32.508993,40,63812.205689
31.345538,40,63831.233162
30.261538,40,63850.498149
31.599537,40,63869.560833
31.580198,40,63888.72927
34.401227,40,63907.937561
35.838302,40,63927.138271
30.270734,40,63946.367021
30.534641,40,63965.579679
31.750873,40,63984.586756
30.240092,40,64003.892057
