#{"t_start": 1767896040.9978817, "env_id": "highway-v0"}
r,l,t
31.876303,40,20.043454
8.23093,11,25.07378
5.95979,7,28.287299
30.528069,40,47.643858
0.983473,2,48.573783
27.931854,40,67.306964
1.102644,2,68.202651
2.032596,3,69.56896
13.471986,17,77.148225
1.666769,3,78.499682
8.524816,10,82.947843
8.736086,11,87.899189
17.36737,23,98.188229
27.693965,40,116.136836
31.549447,40,133.90619
1.315701,2,134.810602
9.184995,11,139.704779
18.72366,24,150.389503
19.427594,40,168.062706
31.519006,40,185.85009
28.609486,40,203.655115
7.303092,9,207.681325
29.009249,40,225.559449
1.904038,3,226.943606
35.044098,40,245.283639
9.002146,11,250.230996
4.873485,7,253.350941
5.717836,7,256.496981
31.355964,40,274.22744
6.297765,8,277.820839
6.533333,8,281.400156
5.591845,7,284.541531
10.769896,14,290.863038
31.08551,40,308.632987
29.966701,40,326.457265
7.439088,9,330.50578
31.476131,40,348.483199
7.770955,9,352.670362
30.207759,37,369.172577
30.954002,40,386.934675
32.019535,40,404.600744
28.878397,36,420.583988
11.939217,14,426.832709
29.032409,40,444.547906
29.172925,40,462.379517
32.153762,40,480.330603
4.660315,6,483.025533
2.969067,4,484.822174
3.902873,5,487.061111
24.364836,28,499.582314
9.569306,12,504.900192
19.957962,27,516.939336
3.034883,4,518.725681
29.801348,40,536.568951
5.554413,7,539.677531
8.587069,11,544.52529
30.535101,40,562.399819
31.887179,40,580.134467
30.936254,40,598.00458
14.26861,17,605.579781
9.024797,10,609.996588
31.999303,40,627.712607
4.080272,6,630.378794
5.119125,6,633.031832
7.780593,9,637.010902
27.212573,40,654.784926
19.223169,23,665.000592
7.919373,9,669.004259
25.818212,32,683.294764
29.0702,40,700.998358
4.744657,7,704.198316
28.982316,33,718.914939
3.976221,6,721.622092
6.004935,7,724.733234
6.282842,9,728.720859
21.503368,23,739.003605
27.530293,40,756.831843
10.153011,13,762.635265
5.742058,7,765.807018
29.030608,40,783.61969
24.983462,40,801.332478
3.418538,5,803.558343
24.821452,29,816.455371
28.808607,40,834.343305
29.117485,40,852.115829
3.986428,5,854.328956
8.912936,12,859.639619
12.984124,14,865.881246
30.272402,40,883.703546
28.086196,40,901.493177
29.423043,40,923.402841
27.154401,40,941.22936
28.022668,40,959.055279
31.141623,40,976.864922
27.649478,40,994.702249
29.685001,40,1012.498279
21.328713,28,1024.989572
31.029549,40,1042.846876
19.560534,26,1054.411949
10.521602,12,1059.725968
27.383543,40,1077.507686
29.609043,40,1095.328881
4.889411,7,1098.497564
31.484145,40,1116.182549
12.944161,17,1123.763645
4.810406,6,1126.438857
17.53771,20,1135.326495
29.602832,40,1153.190218
27.649469,40,1170.880866
28.722124,40,1188.691981
29.196484,40,1206.552741
26.47756,33,1221.288651
30.658043,38,1238.174768
30.497147,40,1255.861447
28.638075,40,1273.729545
9.944805,12,1279.087737
28.886084,40,1296.839546
30.541664,40,1314.478495
28.640807,40,1332.319653
30.453799,40,1350.108022
29.580268,40,1367.92997
2.996819,4,1369.723037
15.71013,18,1377.714913
27.212809,40,1395.536391
28.628105,40,1413.435284
5.906835,8,1416.991678
31.1611,34,1432.222742
29.841074,40,1450.075448
7.009426,8,1453.65782
25.33277,30,1467.049177
30.635393,40,1484.658715
4.263662,5,1486.885678
7.725361,9,1490.872338
28.520139,40,1508.691206
30.318342,40,1526.71677
4.666667,6,1529.383205
21.339684,26,1540.936786
11.516521,14,1547.151054
14.446942,20,1556.033757
27.184112,40,1573.740674
30.432099,40,1591.466743
23.319871,32,1605.674538
29.459198,40,1623.432894
27.322597,40,1641.621711
27.323627,40,1659.911007
3.907971,5,1662.216837
31.066677,40,1680.458059
12.719413,17,1688.226517
27.560018,40,1706.58454
30.051462,40,1724.853352
3.159499,5,1727.131325
11.576826,14,1733.546924
28.107415,40,1751.824365
29.2604,40,1769.994615
4.858314,6,1772.743221
5.066667,6,1775.477091
8.462613,10,1780.055684
28.066374,40,1798.250336
2.891588,4,1800.040563
30.221436,40,1817.736625
30.557305,40,1835.462873
29.281611,40,1857.348067
28.923249,40,1875.253433
27.577296,40,1893.519196
28.763613,40,1911.760578
27.677658,40,1930.049976
30.339733,40,1948.218009
26.723188,40,1966.413045
28.922376,40,1984.706398
29.885805,40,2003.044561
31.324591,40,2021.332737
27.596285,40,2039.493131
15.483855,19,2048.153366
10.620911,12,2053.646763
21.551437,40,2072.027454
27.463747,40,2090.378634
5.060376,6,2093.165904
29.241125,40,2111.532256
30.075066,40,2129.743947
30.049363,40,2147.852566
31.847555,40,2166.184441
30.682727,40,2184.65031
31.401299,40,2203.68367
26.695114,40,2223.900828
30.525426,40,2243.889898
27.618428,40,2263.765576
1.623204,3,2265.170911
5.368358,7,2268.379927
7.089635,8,2272.006551
29.66221,40,2290.350499
29.32003,40,2308.567362
28.938497,40,2326.682122
27.673718,40,2345.593156
28.444444,40,2364.205185
27.985967,40,2383.707857
29.873678,40,2402.446026
29.808308,40,2421.005627
27.382393,40,2439.128079
4.282894,6,2441.851746
32.527146,40,2459.998588
28.983392,40,2478.732938
33.162679,40,2497.609835
30.995982,40,2516.198388
30.188534,40,2534.533558
29.337154,40,2553.622553
29.541832,40,2572.367541
29.574211,40,2590.773822
30.68993,40,2609.33004
3.595453,5,2611.627929
29.046176,40,2630.526945
28.638969,40,2653.431236
2.819466,4,2655.68451
28.444386,40,2677.328391
30.923874,40,2698.76796
27.900914,40,2720.626704
29.035067,40,2741.937369
27.801947,40,2764.090184
27.361219,40,2785.519437
26.666667,40,2807.317492
31.462659,40,2835.574496
27.712242,40,2857.71761
28.552198,40,2879.472713
26.4,40,2901.138913
31.991806,40,2922.903939
28.157572,40,2944.154713
29.642098,40,2965.827307
27.018769,40,2987.836396
27.098909,40,3009.505741
26.687606,40,3030.813044
28.382958,40,3052.435065
30.298323,40,3074.26861
30.358141,40,3095.632457
28.953417,40,3116.89938
27.907781,40,3138.731352
28.107917,40,3160.693867
27.629991,40,3182.255529
30.378657,40,3203.645311
4.120181,6,3207.027605
5.579215,7,3210.885106
28.76089,40,3232.533197
31.162381,40,3254.495085
28.226191,40,3275.956833
27.487064,40,3297.204856
27.799349,40,3318.723585
2.15011,3,3320.368134
32.606666,40,3341.800732
28.490163,40,3363.207445
29.993173,40,3384.359989
30.092334,40,3405.528457
28.641453,40,3427.24871
27.657512,40,3448.75239
26.754531,40,3470.0558
30.7329,40,3491.357127
14.900564,19,3501.540875
27.774939,40,3523.68585
30.491424,40,3545.080475
28.406173,40,3566.473456
30.662825,40,3588.142686
27.894454,40,3609.988333
1.770497,3,3611.568289
29.142828,40,3632.711787
31.433298,40,3654.001937
31.080289,39,3675.42583
3.557579,5,3678.192345
3.668957,5,3680.879797
3.884937,5,3683.520099
30.054153,40,3705.512909
28.815146,40,3727.080104
26.946831,40,3748.080725
30.297959,40,3769.226952
4.267254,6,3772.499701
30.677051,40,3794.021253
28.901936,40,3815.375709
29.822185,40,3837.225918
4.507201,6,3840.479209
28.780423,40,3862.042864
26.83406,40,3883.53918
27.601234,40,3904.485157
26.787057,40,3925.841965
33.321012,40,3953.33541
29.972081,40,3974.648752
30.543474,40,3995.663633
28.941089,40,4016.784842
28.637139,40,4038.218786
29.916296,40,4059.363194
27.037584,40,4080.517442
28.189325,40,4101.901595
28.417666,40,4123.418559
28.271461,40,4145.08208
30.979188,40,4166.004532
27.278126,40,4186.880698
31.02961,40,4208.425008
31.013553,40,4229.614184
30.757832,40,4251.206012
29.631443,40,4272.461243
27.490324,40,4293.635402
29.250591,40,4314.593864
27.625851,40,4336.103374
7.722329,10,4341.589018
33.223396,40,4362.932381
28.423734,40,4383.842188
28.088003,40,4406.374293
30.732562,40,4431.790907
31.822783,40,4455.570582
29.385527,40,4478.783329
28.669191,40,4501.18709
1.022222,2,4502.339463
31.282873,40,4525.477545
30.115625,40,4546.724687
8.392235,11,4552.314424
27.456264,40,4572.721225
26.68812,40,4592.529227
33.380324,40,4610.497804
31.748661,40,4629.311718
29.812521,40,4647.617512
29.333333,40,4665.958898
29.392129,40,4684.283014
30.243057,40,4702.619497
33.016381,40,4721.024347
28.356835,40,4739.437968
28.501826,40,4758.043663
30.115716,40,4776.557046
31.804446,40,4794.969886
28.443835,40,4813.337484
29.472399,40,4831.805926
30.460765,40,4850.075199
28.59472,40,4868.865243
31.933855,40,4887.6946
27.793429,40,4906.886873
30.608183,40,4925.589474
30.693491,40,4943.891243
30.965395,40,4962.270269
30.040195,40,4984.69525
30.692545,40,5003.087934
27.870567,40,5021.55435
1.904484,3,5022.939288
31.74173,40,5041.295153
30.285823,40,5059.676344
30.829467,40,5078.164008
31.708136,40,5096.551824
29.402807,40,5114.852209
29.912956,40,5133.256752
31.091223,40,5151.704901
28.194039,40,5170.239421
30.522763,40,5188.594646
29.293548,40,5207.033066
30.11361,40,5225.495795
32.041109,40,5243.857915
30.691203,40,5262.279323
27.808285,40,5280.81031
29.006692,40,5299.354886
33.31107,40,5317.861988
28.061391,40,5336.210673
29.292009,40,5354.453843
30.689571,40,5372.900477
31.136409,40,5391.170853
30.985754,40,5409.453608
30.786538,40,5427.77772
29.82707,40,5446.187278
29.994314,40,5464.602935
32.06427,40,5482.807822
30.417584,40,5501.055167
29.282004,40,5519.261838
29.355989,40,5537.739769
28.694473,40,5556.067276
32.54737,40,5574.406595
28.616618,40,5592.738209
29.359447,40,5611.053629
30.11666,40,5629.352857
30.339479,40,5647.653102
32.430487,40,5666.030868
29.182647,40,5684.431378
31.249529,40,5702.814413
29.9971,40,5721.126898
30.425639,40,5739.556803
31.029386,40,5757.873559
30.953827,40,5776.22345
27.235678,40,5794.623292
29.133199,40,5812.974983
30.174873,40,5831.264535
29.208466,40,5849.543215
29.313481,40,5867.912971
29.848586,40,5886.504273
29.647526,40,5904.9271
28.85793,40,5927.548997
31.498438,40,5945.907405
31.401127,40,5964.283738
27.144655,40,5982.608757
29.894617,40,6000.854282
28.670887,40,6019.246063
28.226864,40,6037.626087
30.716802,40,6056.109841
31.712735,40,6074.473046
28.884075,40,6092.983453
28.159712,40,6111.453897
31.568155,40,6129.769861
28.866887,40,6148.374451
28.858881,40,6166.628381
29.284897,40,6184.855911
31.04251,40,6203.163334
28.51845,40,6221.472236
29.49562,40,6239.859916
30.385934,40,6258.480145
30.038627,40,6276.858809
28.22493,40,6295.431098
29.593161,40,6313.774993
28.970977,40,6332.18954
31.154512,40,6350.527689
29.357551,40,6368.812373
29.078938,40,6387.303524
29.738401,40,6405.807197
30.240346,40,6424.252851
32.784416,40,6442.758563
30.528037,40,6461.21662
31.1693,40,6479.574007
29.707497,40,6498.033101
28.529494,40,6516.52005
30.638822,40,6534.964957
31.816735,40,6553.471853
30.691354,40,6572.245551
28.752545,40,6590.537107
29.367589,40,6608.405156
27.867958,40,6626.152591
31.791929,40,6643.990414
30.098874,40,6661.772139
32.870149,40,6679.461831
29.368502,40,6697.210525
27.766181,40,6714.93144
29.492664,40,6733.529846
28.864313,40,6751.89274
28.62428,40,6770.007547
28.397751,40,6787.832572
28.009275,40,6806.032925
29.947814,40,6825.414914
31.051031,40,6844.980567
29.528934,40,6864.945279
30.51706,40,6887.863517
32.625415,40,6905.976973
28.122394,40,6923.977098
28.585117,40,6942.31761
29.24057,40,6961.422853
29.401179,40,6979.861746
32.481076,40,6998.046613
27.920202,40,7016.215696
31.541856,40,7034.481343
30.293803,40,7052.971586
30.776959,40,7070.972156
30.845211,40,7089.181297
29.792896,40,7107.155448
30.973198,40,7125.177053
30.995828,40,7143.242352
31.343618,40,7161.244228
30.218954,40,7179.232244
2.417226,4,7181.058028
30.281408,40,7199.162685
6.304685,9,7203.261877
28.595226,40,7221.319397
29.729885,40,7239.327555
28.405456,40,7257.282842
31.895591,40,7275.28644
30.582926,40,7293.371991
30.796509,40,7311.411727
31.09906,40,7329.52062
30.625614,40,7347.705604
29.765176,40,7366.915434
30.14226,40,7385.821507
30.243159,40,7403.894709
31.302806,40,7422.775695
29.306043,40,7441.222399
25.834892,36,7458.144848
30.155696,40,7477.308116
28.735057,40,7499.691917
31.643682,40,7521.19073
31.64865,40,7542.73646
28.586038,40,7565.111967
30.559658,40,7588.006239
31.472992,40,7610.13896
29.132323,40,7632.041737
30.12226,40,7654.41374
28.98855,40,7676.306604
25.873954,33,7694.297267
30.742778,40,7716.114175
30.881395,40,7738.562454
29.200339,40,7761.321837
32.029059,40,7783.57995
28.283409,40,7805.379771
28.88832,40,7827.261966
28.884045,40,7849.667774
29.602588,40,7871.513412
29.376338,40,7899.633419
30.343448,40,7921.46945
31.889471,40,7943.641843
28.964675,40,7966.325556
29.846551,40,7988.48431
6.643031,10,7994.147925
31.270189,40,8016.470475
28.720822,40,8038.461109
29.757844,40,8060.949786
8.139944,11,8066.985394
30.96356,40,8088.843993
29.852929,40,8110.70011
28.833995,40,8132.34747
28.965056,40,8154.571683
28.473374,40,8176.309325
28.870568,40,8198.1694
30.403398,40,8220.124161
31.727459,40,8240.29651
29.034267,40,8259.273693
30.295614,40,8277.575868
29.26922,40,8295.739811
30.049231,40,8313.745135
30.588669,40,8331.741
28.8657,40,8349.848449
30.699883,40,8368.116741
2.558398,4,8369.931009
28.931602,40,8388.037692
33.188866,40,8406.109074
30.761966,40,8424.073962
30.931904,40,8442.180778
30.871228,40,8460.311149
30.525475,40,8478.261815
28.587756,40,8496.354752
21.120067,30,8509.962452
10.298424,14,8516.380369
29.762437,40,8534.524222
30.901603,40,8552.742461
28.096422,40,8570.911482
30.479884,40,8589.600932
31.226946,40,8608.460784
31.054308,40,8627.170719
29.039158,40,8646.035297
32.597193,40,8665.001665
30.067423,39,8683.09991
12.192953,16,8690.491958
30.701256,40,8709.490181
32.961733,40,8732.650166
29.249292,40,8755.674478
30.943386,40,8778.247889
30.761847,40,8800.436931
31.672655,40,8822.748635
30.398292,40,8845.619067
28.554851,40,8867.932535
30.039822,40,8890.02557
31.700703,40,8912.955441
30.880993,40,8941.536765
29.80396,40,8963.971359
28.547519,40,8986.866762
31.210859,40,9009.34062
29.052136,40,9032.00645
30.312181,40,9054.045671
28.48177,40,9075.987743
31.763653,40,9098.070711
22.092207,30,9114.840771
32.256957,40,9136.772228
29.56139,40,9159.195611
30.136605,40,9181.604194
31.104395,40,9203.540194
29.274883,40,9225.229397
29.527589,40,9246.976618
28.352572,40,9269.205037
29.277849,40,9291.347207
32.624349,40,9313.086062
30.018704,40,9334.892536
31.346865,40,9356.717312
25.669478,34,9375.534364
30.924549,40,9397.302033
2.043026,3,9399.007629
28.705593,40,9421.28125
2.600542,4,9423.418021
30.529175,40,9445.236639
31.104722,40,9467.320481
28.950545,40,9489.630363
29.577051,40,9511.581919
30.769297,40,9533.77054
29.526161,40,9556.122662
30.329384,40,9578.527696
32.058419,40,9600.465515
28.899177,40,9622.804274
30.234334,40,9644.648003
31.257951,40,9666.403589
30.871263,40,9688.395412
30.776873,40,9710.659415
31.240815,40,9732.484299
28.72547,40,9753.893635
29.093336,40,9775.703184
31.434722,40,9797.510886
29.377481,40,9819.057145
29.978643,40,9841.183069
30.806509,40,9863.295026
12.35378,17,9872.427599
30.734697,40,9894.153268
30.775193,40,9915.91189
30.389183,40,9937.944053
29.63915,40,9959.296282
30.817314,40,9980.933537
29.584458,40,10003.146416
30.911901,40,10025.497106
28.823408,40,10047.427655
29.743851,40,10076.640902
28.403785,40,10098.973947
28.746413,40,10121.247971
28.363372,40,10143.480406
31.717516,40,10165.922078
29.862491,40,10187.863483
28.941515,40,10209.651525
1.279328,2,10210.743156
31.132634,40,10232.722592
29.748618,40,10254.836699
1.761167,3,10256.509952
31.015943,40,10278.117182
29.140262,40,10300.199368
29.625127,40,10322.283181
29.557287,40,10344.129871
28.893085,40,10366.632881
29.087379,40,10388.755248
29.943493,40,10410.776294
30.338693,40,10432.433285
31.409377,40,10454.374046
30.449929,40,10476.289477
30.424797,40,10498.168536
29.126966,40,10520.023608
29.958523,40,10542.354147
30.750044,40,10564.433516
28.116692,40,10586.23041
29.978147,40,10608.223279
29.937585,40,10630.203588
29.46605,40,10652.054653
31.880814,40,10673.752235
29.417642,40,10695.829253
3.485796,5,10698.522111
30.121437,40,10720.222815
31.310089,40,10742.139724
30.360597,40,10764.271416
30.677917,40,10785.050325
27.700913,40,10803.618806
31.946625,40,10822.192468
6.156527,9,10826.303335
29.024536,40,10844.392649
30.253517,40,10862.477346
29.568671,40,10880.505652
30.368352,40,10898.615104
29.338115,40,10917.713822
32.212582,40,10936.248061
30.574049,40,10954.384808
28.773139,40,10972.666209
31.002445,40,10990.807177
28.799052,40,11008.94986
28.621623,40,11027.094646
29.199213,40,11045.239029
28.82265,40,11063.305238
2.279157,4,11065.14855
31.354612,40,11083.337157
29.384533,40,11101.481161
29.042026,40,11119.605726
29.172978,40,11142.3278
30.630603,40,11161.366115
31.729266,40,11179.569237
31.862309,40,11197.68052
28.116893,40,11216.151985
31.178455,40,11234.222656
31.448208,40,11252.172324
31.501048,40,11270.225379
28.242475,40,11288.558254
30.950211,40,11306.686089
28.861097,40,11324.922165
31.316441,40,11343.334972
32.6781,40,11362.072331
30.632643,40,11383.208117
30.115249,40,11404.866286
31.26453,40,11426.576238
30.883639,40,11448.149206
24.650552,33,11466.347291
29.909885,40,11487.704236
28.823899,40,11509.102621
31.224765,40,11530.586263
29.311078,40,11552.15416
31.558612,40,11573.59768
30.668461,40,11595.2559
31.008477,40,11616.805828
27.689939,40,11638.326721
31.732924,40,11660.202989
29.285663,40,11681.832833
0.936658,2,11682.918818
27.670222,40,11704.162726
30.464126,40,11725.577798
28.335904,40,11747.322735
30.271414,40,11769.077478
30.539428,40,11790.897097
29.667684,40,11812.423509
29.515372,40,11833.595956
29.585302,40,11854.861544
2.54907,4,11856.963398
31.36636,40,11878.415793
30.062142,40,11899.659928
30.552147,40,11920.872785
30.486197,40,11942.425931
30.721527,40,11963.698765
30.449211,40,11985.604136
30.461786,40,12007.084341
29.020768,40,12028.249806
31.829438,40,12049.802922
5.106214,8,12054.062879
30.503856,40,12075.40074
28.924171,40,12096.577323
30.908578,40,12117.742459
29.97719,40,12139.240906
30.039684,40,12160.63449
28.434838,40,12181.836187
29.529992,40,12208.714485
29.452786,40,12229.989444
28.528414,40,12251.770851
29.503841,40,12273.137241
31.153652,40,12294.212791
29.254376,40,12315.474872
5.694452,8,12319.853279
29.889483,40,12341.267722
30.623801,40,12362.553483
7.852641,11,12368.450674
30.95725,40,12389.801916
30.920909,40,12411.023715
31.165646,40,12432.35858
31.056205,40,12453.950311
28.272292,40,12475.486931
30.155149,40,12496.396634
29.911763,40,12517.578979
31.412729,40,12539.070544
32.524613,40,12560.406577
30.070935,38,12580.505324
31.627685,40,12601.706301
30.239152,40,12622.986508
28.917001,40,12644.576119
31.492604,40,12665.928786
29.112377,40,12687.201967
30.232378,40,12708.837579
30.474759,40,12730.257015
29.701479,40,12751.705626
31.212207,40,12773.260015
31.015011,40,12794.532021
31.199623,40,12815.893292
28.47672,40,12837.147764
31.323178,40,12858.29924
31.204359,40,12879.687394
32.609775,40,12901.112485
31.061719,40,12922.541879
30.917457,40,12943.573678
31.03712,40,12964.860016
28.280011,40,12986.218787
28.841507,40,13007.337576
31.987352,40,13028.651886
31.346911,40,13049.767058
28.190762,40,13071.080759
29.574922,40,13092.62676
4.118702,6,13095.760044
29.379454,40,13116.993454
28.919082,40,13138.135723
29.439776,40,13159.203563
30.636043,40,13180.413361
28.506834,40,13201.547622
32.320799,40,13222.687549
29.755891,40,13243.744128
29.971588,40,13265.021051
32.099674,40,13292.163467
30.843734,40,13313.210433
29.016987,40,13334.364485
29.875689,40,13355.518934
30.41508,40,13376.44714
31.474682,40,13397.865883
31.611339,40,13419.009835
29.422509,40,13437.062713
31.626911,40,13455.505158
30.240125,40,13473.743741
29.121315,40,13491.552649
28.001457,40,13509.905573
28.690475,40,13528.069165
28.381559,40,13546.283215
30.389058,40,13564.574059
29.178856,40,13582.767724
29.367887,40,13601.028009
28.865257,40,13619.240538
32.245989,40,13637.477984
26.812812,40,13655.726512
29.899425,40,13673.855585
31.838369,40,13692.030442
32.720014,40,13710.170526
30.090522,40,13728.529583
28.187507,40,13746.861547
31.311418,40,13765.174838
31.595549,40,13783.396892
29.82587,40,13801.65046
29.495544,40,13819.687191
31.455133,40,13837.887143
30.205311,40,13855.988809
28.669702,40,13874.231041
28.265486,40,13892.406324
26.95228,40,13910.603181
29.911759,40,13928.828451
30.805394,40,13947.114593
31.259012,40,13965.236043
30.549572,40,13983.435824
31.020028,40,14001.659495
28.317544,40,14019.647944
19.319673,24,14030.605498
30.851896,40,14048.695664
30.75918,40,14066.986952
29.827907,40,14085.12754
28.788435,40,14103.225827
30.090289,40,14121.425933
30.53798,40,14139.653022
30.77577,40,14157.857296
26.131148,32,14172.306699
29.756554,40,14190.387982
29.351945,40,14208.490637
30.24663,40,14226.508808
30.304244,40,14248.653281
30.325651,40,14266.817646
30.469917,40,14285.080189
26.45221,33,14300.151868
31.275649,40,14318.347353
31.648438,40,14336.494828
30.984132,40,14354.567235
30.24218,40,14372.611433
29.093518,40,14390.880505
30.269508,40,14409.092322
31.643541,40,14427.376533
29.540083,40,14445.535559
30.093777,40,14463.683528
32.790056,40,14481.860295
30.474218,40,14500.00974
30.207587,40,14518.067932
31.321392,40,14536.232308
30.101169,40,14554.43554
31.15644,40,14572.686282
30.670568,40,14591.040305
29.905846,40,14609.199857
29.747668,40,14627.473466
30.406443,40,14645.582239
31.597236,40,14663.694306
31.578298,40,14681.886705
28.271186,40,14699.888842
29.732191,40,14717.964472
30.589079,40,14736.204327
29.897265,40,14754.495653
31.509895,40,14772.843865
29.400286,40,14791.297811
29.775841,40,14809.41721
29.056605,40,14827.559879
33.032049,40,14845.805372
28.916986,40,14863.871097
31.084173,40,14882.127567
31.79516,40,14900.332603
31.77995,40,14918.638946
30.874125,40,14936.847044
31.541024,40,14954.989689
30.533566,40,14973.662884
31.865182,40,14993.163383
31.458746,40,15012.666931
31.473968,40,15031.966537
30.80597,40,15050.63142
31.784906,40,15071.585916
28.431506,40,15090.533386
28.713762,40,15110.128692
31.286475,40,15129.864095
29.013139,40,15149.052731
30.575217,40,15167.345252
30.014984,40,15190.280489
32.067946,40,15208.475742
29.296482,40,15227.272014
33.070323,40,15245.672027
32.695799,40,15264.087261
31.646903,40,15282.432864
28.897654,40,15300.641853
31.474311,40,15318.777853
29.653899,40,15336.918241
28.631202,40,15355.139133
30.976748,40,15373.33059
29.647415,40,15392.307521
30.471976,40,15411.65241
30.121029,40,15430.554629
28.617391,40,15449.441587
31.399946,40,15468.331225
31.655845,40,15487.327404
30.840607,40,15506.159031
29.769467,40,15525.249297
29.085618,40,15544.186665
28.945354,40,15563.318983
28.753764,40,15582.185685
1.737731,3,15583.548085
30.409814,40,15602.43392
30.289843,40,15621.177022
29.29159,40,15640.031348
28.297083,40,15658.679626
31.349102,40,15677.323283
28.539953,40,15696.234083
31.763255,40,15715.148512
7.589598,10,15719.761764
32.209361,40,15738.083641
31.400881,40,15756.706091
31.507698,40,15776.463095
31.34402,40,15799.961003
31.895954,40,15823.277104
28.932244,40,15845.775456
30.720991,40,15868.183568
29.123987,40,15890.125819
27.504433,40,15912.609668
30.870686,40,15934.715588
32.003806,40,15956.702766
29.57882,40,15978.973872
30.700662,40,16001.463257
30.061802,40,16023.630702
29.566854,40,16045.839984
28.115824,40,16067.964839
30.90621,40,16090.25997
29.960195,40,16112.109924
29.305399,40,16133.913324
31.471088,40,16155.586741
28.730047,40,16177.573942
29.722369,40,16199.893079
31.181169,40,16227.638919
29.287314,40,16249.567628
30.737454,40,16271.272085
28.953785,40,16293.573346
29.10631,40,16316.055718
30.315895,40,16337.959419
27.972602,40,16359.561211
28.892217,40,16381.405449
29.716843,40,16403.215095
30.060517,40,16425.394563
28.551281,40,16447.319314
30.98719,40,16469.332665
28.713292,40,16491.871098
31.076767,40,16513.985203
29.103555,40,16536.059158
28.940993,40,16557.898911
2.0,3,16559.543189
31.805105,40,16582.011216
29.768078,40,16603.811572
30.985431,40,16625.65809
28.317424,40,16647.741309
32.033181,40,16670.125434
30.839368,40,16691.94034
29.893068,40,16713.773477
31.534837,40,16735.816617
31.662271,40,16757.664236
30.297419,40,16779.931495
29.034589,40,16801.861851
31.488017,40,16823.662751
28.708858,40,16845.490213
29.145419,40,16868.316128
29.375359,40,16890.51922
30.429659,40,16912.31825
31.896465,40,16934.91426
29.425452,40,16953.30653
31.279223,40,16971.64678
29.780405,40,16990.146552
30.346915,40,17009.160737
28.784144,40,17027.939655
29.432175,40,17046.223737
29.604769,40,17064.425452
29.150348,40,17082.67456
30.393226,40,17100.79601
28.383162,40,17119.294382
30.801461,40,17137.999432
31.948767,40,17156.764971
19.199405,26,17168.912652
29.750657,40,17187.478338
29.539885,40,17208.310991
28.495497,40,17230.721888
28.165495,40,17252.788742
30.691301,40,17275.310164
29.830545,40,17297.481268
32.021329,40,17326.318186
31.276825,40,17348.249019
29.660337,40,17370.188975
29.712323,40,17391.851639
16.834973,23,17404.372711
29.297381,40,17426.498065
30.192982,40,17448.356511
29.935113,40,17470.759604
30.953445,40,17493.005868
31.576058,40,17514.97135
29.66667,40,17536.92667
29.80208,40,17558.738543
31.593218,40,17580.424514
30.666986,40,17602.551285
28.467347,40,17624.19009
31.916133,40,17646.180098
28.786321,40,17668.247254
30.267082,40,17690.066177
30.609538,40,17711.806086
17.109792,24,17724.761985
31.650768,40,17746.371715
28.97176,40,17769.083704
29.546394,40,17790.841156
31.669793,40,17813.073583
2.489816,4,17815.300846
30.352127,40,17836.930069
31.523874,40,17858.508329
29.409324,40,17880.102306
30.304202,40,17901.871368
28.928715,40,17923.53281
31.635578,40,17945.051929
28.593101,40,17966.917253
25.968337,36,17986.214341
31.244988,40,18008.30901
20.246756,25,18022.276806
29.446939,40,18044.020393
32.288785,40,18065.680236
30.720484,40,18087.391877
32.669131,40,18108.997886
30.837271,40,18130.528664
29.8688,40,18152.184848
29.78811,40,18174.057799
29.853944,40,18195.680135
29.833811,40,18217.606406
29.236911,40,18239.385907
29.803264,40,18261.161528
29.82355,40,18282.820196
31.34958,40,18305.229048
31.200637,40,18327.073936
29.473741,40,18348.894127
30.371602,40,18370.9842
28.685557,40,18392.74871
28.42051,40,18414.508259
29.450271,40,18442.133848
30.60227,40,18464.225737
22.649242,29,18480.085578
30.490092,40,18502.022561
30.318967,40,18523.882899
30.289321,40,18546.101072
30.845049,40,18568.231334
30.887543,40,18590.053918
30.979422,40,18611.780303
32.420958,40,18633.595625
31.110192,40,18655.595704
31.213155,40,18677.741247
31.158491,40,18699.974505
33.073169,40,18721.823903
29.94093,40,18743.463321
30.045936,40,18765.819974
30.065978,40,18787.809388
29.754658,40,18809.94536
31.444456,40,18832.157019
28.246682,40,18854.32248
31.037085,40,18876.468252
31.078655,40,18898.148949
2.989427,5,18900.81363
31.332542,40,18922.241157
30.489352,40,18944.380575
30.383551,40,18966.270384
28.611284,35,18985.545729
29.45663,40,19007.426101
31.942754,40,19029.333178
28.749264,40,19051.048112
29.442779,40,19072.778456
30.966756,40,19094.817402
30.416364,40,19116.685046
29.536673,40,19138.427118
30.886291,40,19160.192189
29.41002,40,19180.283549
31.448563,40,19198.356795
29.68191,40,19216.535663
31.373468,40,19235.108901
31.407127,40,19254.306717
29.642792,40,19274.437442
28.632317,40,19292.466031
31.286589,40,19310.450327
28.056627,40,19328.438399
28.857773,40,19346.452766
31.558419,40,19364.369519
30.223562,40,19382.307427
29.008324,40,19400.269923
31.433408,40,19418.053069
29.011386,40,19435.845268
31.558101,40,19453.733805
28.925272,40,19471.509878
30.083899,40,19489.44373
31.989174,40,19511.532971
30.677998,40,19529.557781
28.727817,40,19547.514313
28.984953,40,19566.147859
30.951306,40,19584.4098
32.253319,40,19602.83159
29.603169,40,19621.369997
29.15202,40,19639.965233
31.61701,40,19658.839136
30.86984,40,19680.539021
29.904161,40,19703.238737
29.337748,40,19725.258128
30.249767,40,19746.677116
30.208121,40,19768.179031
28.71499,40,19790.161428
31.14752,40,19811.89984
1.924074,3,19813.517567
29.019488,40,19835.072029
32.029423,40,19856.677183
29.230072,40,19878.224164
30.234659,40,19900.640569
31.241329,40,19922.253088
30.29576,40,19943.800139
30.940473,40,19965.154406
29.407187,40,19986.729044
30.731764,40,20008.334348
30.868072,40,20029.913909
31.421821,40,20051.469384
31.121134,40,20072.453385
28.063319,40,20093.745318
29.583613,40,20115.352789
29.258737,40,20137.040976
29.07898,40,20158.6226
30.181927,40,20179.994942
27.072474,38,20200.346341
31.632024,40,20221.830077
31.538331,40,20242.959067
30.135734,40,20264.678251
28.813499,40,20286.108517
29.138277,40,20307.312206
29.298652,40,20328.269288
28.190437,40,20349.756021
28.64165,40,20371.180732
30.769558,40,20392.613893
28.703362,40,20414.028014
28.448849,40,20435.177836
28.778729,40,20456.513645
30.749447,40,20477.511042
30.585825,40,20499.417937
29.442565,40,20521.233153
31.418116,40,20542.921598
30.07032,40,20564.158858
28.582009,40,20591.496823
29.584156,40,20612.83276
31.074141,40,20634.529096
28.26244,40,20656.16729
30.956135,40,20677.354887
30.019618,40,20698.212142
31.457576,40,20719.410662
31.075344,40,20740.77884
28.420219,40,20762.407803
31.308243,40,20784.12916
29.455345,40,20806.007991
29.236564,40,20827.454493
30.419274,40,20848.747491
31.635585,40,20870.777993
29.783943,40,20892.577126
30.529905,40,20914.078103
30.738134,40,20935.43993
30.710181,40,20956.850695
28.376833,40,20978.392354
28.898508,40,20999.703116
29.288098,40,21021.311897
28.170943,40,21042.845192
30.082335,40,21063.950117
29.938157,40,21085.193501
31.993884,40,21106.422628
31.337859,40,21128.092211
29.803751,40,21150.069062
19.723741,28,21165.196326
28.125826,40,21186.486664
31.254938,40,21207.992575
30.808663,40,21229.748019
28.827138,40,21251.578555
30.980643,40,21273.363267
0.97841,2,21274.457141
30.896735,40,21296.212992
30.462917,40,21317.479071
32.074031,40,21338.875625
30.877935,40,21360.477103
31.027314,40,21381.792371
29.861818,40,21402.848588
31.878883,40,21424.248451
27.751609,40,21445.861018
29.03641,40,21467.645448
31.809411,40,21489.151198
29.865489,40,21510.294666
14.300813,18,21519.755916
32.72541,40,21541.220373
21.844031,29,21556.654097
28.134099,40,21578.173296
28.828824,40,21599.592047
31.943845,40,21621.102379
29.188257,40,21642.721575
30.199035,40,21664.122398
29.190351,40,21691.599864
28.944167,40,21713.071496
28.775629,40,21734.396576
29.551818,40,21756.041407
29.089214,40,21778.140484
29.018064,40,21799.281121
27.795277,40,21820.562113
31.628704,40,21841.956527
30.441118,40,21863.200778
28.329872,40,21884.819911
30.122706,40,21906.901515
26.22555,34,21925.421836
30.335548,40,21946.969449
29.347414,40,21968.505566
30.193547,40,21990.049957
31.012253,40,22011.377377
30.152499,40,22032.886871
29.96613,40,22054.394651
29.523779,40,22075.488788
31.796029,40,22096.915618
30.017671,40,22118.48264
29.141113,40,22140.59582
31.146269,40,22158.786721
30.043908,40,22177.479331
29.555075,40,22196.220568
31.410529,40,22214.43863
30.574361,40,22232.796993
29.200447,40,22251.157293
30.971831,40,22269.439054
28.111099,40,22287.698516
28.306274,40,22305.861447
30.901552,40,22324.09792
28.527848,40,22342.396284
29.278269,40,22360.74433
29.164541,40,22379.060348
31.275357,40,22397.379596
17.814241,23,22408.065182
32.484938,40,22426.417559
30.433834,40,22444.837522
29.402596,40,22463.216486
29.257529,40,22481.559974
30.940745,40,22499.795904
31.196983,40,22518.113726
31.67524,40,22536.231403
31.195633,40,22554.467128
29.990034,40,22572.811034
29.847806,40,22591.226596
28.87401,40,22609.368374
29.890204,40,22627.590332
29.946294,40,22645.764941
32.648182,40,22664.11755
32.108565,40,22682.396261
28.417522,40,22704.7791
30.191123,40,22723.207314
31.047656,40,22741.494404
27.999689,40,22759.635465
30.4629,40,22777.825135
28.290947,40,22796.011456
32.051141,40,22814.269717
29.903414,40,22832.695251
30.784835,40,22851.038724
29.193522,40,22869.119668
29.466779,40,22887.370154
31.089024,40,22905.589852
28.730842,40,22923.880793
29.946129,40,22942.204517
30.4343,40,22960.445344
29.742678,40,22978.676448
29.246152,40,22996.851983
30.902641,40,23015.130373
30.513296,40,23033.356264
28.896635,40,23051.65288
30.276371,40,23069.83167
29.032133,40,23088.009752
30.753921,40,23105.989464
30.95044,40,23124.361446
31.792153,40,23142.487067
29.157211,40,23160.640989
31.429442,40,23178.94741
30.385919,40,23196.939931
28.729372,40,23215.097882
31.400649,40,23233.407531
30.738231,40,23251.817282
30.716776,40,23270.090942
27.732914,40,23288.255553
30.837251,40,23306.408549
32.144622,40,23324.606964
28.449115,40,23342.870568
31.065605,40,23361.166056
30.232307,40,23379.542975
28.715845,40,23397.82794
28.943476,40,23416.073776
30.074932,40,23434.304438
28.186338,40,23452.563988
29.054866,40,23470.646885
30.586725,40,23488.906219
26.991741,37,23505.669753
29.859321,40,23523.919616
31.225744,40,23542.275162
31.542205,40,23560.433968
28.382656,40,23578.626796
31.319005,40,23596.915257
32.519773,40,23615.062634
31.604579,40,23637.344424
29.173625,40,23655.427518
29.726848,40,23673.686121
28.656173,40,23692.033374
28.624467,40,23710.377038
28.274515,40,23728.608614
30.04094,40,23746.76593
30.716827,40,23765.044254
30.445269,40,23783.111583
31.294897,40,23801.235368
28.694388,40,23819.343142
30.582111,40,23837.468187
28.642915,40,23855.734016
30.039775,40,23874.004677
30.032149,40,23892.14831
30.128791,40,23910.418884
32.265304,40,23928.577188
29.274039,40,23946.753626
29.883867,40,23965.027002
30.482738,40,23983.193506
30.152488,40,24001.438646
29.793737,40,24019.740028
28.563249,40,24037.980436
30.905484,40,24056.179133
30.820645,40,24074.653147
30.079274,40,24092.948766
30.326375,40,24111.084575
30.976562,40,24129.171932
29.11275,40,24147.466844
28.44543,40,24165.748616
32.072121,40,24183.974391
29.659493,40,24202.222621
22.736967,32,24216.860526
30.372995,40,24235.138591
31.326694,40,24253.272346
24.159513,34,24268.898142
30.466792,40,24287.047313
31.044515,40,24305.285629
30.805615,40,24323.582566
31.509672,40,24341.696656
28.822467,40,24359.878101
30.528844,40,24378.094557
30.407945,40,24396.361923
30.717495,40,24414.608482
30.004333,40,24432.843574
31.86668,40,24451.101399
29.894875,40,24469.324457
29.69166,40,24487.450678
2.652711,4,24489.288062
30.182498,40,24507.30918
30.81845,40,24525.549623
28.667301,40,24543.792672
30.039298,40,24561.945167
31.503708,40,24584.277418
29.183524,40,24602.529709
29.216808,40,24620.73931
31.437401,40,24638.957339
30.654374,40,24657.199483
29.467914,40,24675.41046
29.51803,40,24693.736919
30.070957,40,24711.85473
29.073394,40,24729.961811
29.950421,40,24748.097827
28.882041,40,24766.281701
29.963499,40,24784.552191
31.07118,40,24802.70661
30.647066,40,24820.778289
30.665605,40,24838.977018
28.556106,40,24857.328818
28.313532,40,24875.565573
29.633436,40,24893.778748
30.732068,40,24912.006858
29.868844,40,24930.318114
28.935438,40,24948.523635
31.436642,40,24966.825544
30.561814,40,24985.130024
31.318201,40,25003.27963
31.006502,40,25021.542451
31.000299,40,25039.732819
31.058753,40,25058.005652
29.990522,40,25076.219159
29.78367,40,25094.425682
29.84069,40,25112.669397
28.734632,40,25130.972188
29.661057,40,25149.167584
29.982589,40,25167.366826
29.25118,40,25185.641889
28.990372,40,25203.910851
28.93049,40,25222.016401
29.925046,40,25240.389093
32.32413,40,25258.645432
2.718446,4,25260.499244
28.755085,40,25278.782594
32.103884,40,25297.040565
31.678083,40,25315.249244
31.011802,40,25333.487312
30.850695,40,25351.754272
31.013403,40,25369.920925
29.586314,40,25388.247314
30.40557,40,25406.411422
28.633686,40,25424.666612
31.443102,40,25442.905826
29.922078,40,25461.045731
29.356256,40,25479.344087
32.041467,40,25497.588746
2.495511,4,25499.404817
30.967231,40,25521.54443
29.67896,40,25539.751346
28.803549,40,25557.885036
30.975274,40,25575.830141
29.769813,40,25593.954719
28.566864,40,25612.113956
28.662956,40,25630.397844
29.195949,40,25648.661953
29.397309,40,25666.76739
29.650938,40,25684.942557
29.806191,40,25703.252516
29.749332,40,25721.538106
30.479182,40,25739.686962
29.810286,40,25758.000606
29.59961,40,25776.318302
9.027363,13,25782.251281
31.819666,40,25800.537989
29.054415,40,25818.702683
31.38831,40,25836.92603
28.464092,40,25855.236971
31.235735,40,25873.652002
28.453406,40,25891.942719
30.444388,40,25910.261695
30.345897,40,25928.482668
31.421172,40,25946.797572
28.114021,40,25964.969196
6.533176,8,25968.556476
30.938481,40,25986.781237
29.372096,40,26005.082022
29.334424,40,26023.476478
30.386409,40,26041.668062
29.910716,40,26059.95162
14.970185,20,26069.044791
29.857184,40,26087.243574
30.881104,40,26105.5487
30.674009,40,26123.827079
29.430902,40,26142.044636
29.015553,40,26160.295377
27.859618,40,26178.548424
29.387817,40,26196.832695
31.016649,40,26215.094982
29.689039,40,26233.230465
31.537516,40,26251.517063
30.897397,40,26269.692613
31.967968,40,26287.990656
28.738503,40,26306.14945
29.47422,40,26324.589885
30.417311,40,26342.696967
29.69242,40,26360.873623
31.258271,40,26379.405852
28.922416,40,26397.676499
31.283165,40,26415.840354
31.056668,40,26434.089462
29.475311,40,26456.484012
29.773239,40,26474.65732
30.922434,40,26492.890551
32.260867,40,26511.28803
28.815683,40,26529.520307
31.011296,40,26547.625647
28.416245,40,26565.711674
30.502672,40,26583.943753
28.713776,40,26602.170461
1.607828,3,26603.539164
29.689463,40,26621.766579
29.34028,40,26639.986299
27.983742,40,26658.285654
29.605198,40,26676.617728
29.985136,40,26694.83312
29.55769,40,26712.960654
29.727044,40,26731.366003
28.85304,40,26749.521238
31.619036,40,26767.808985
28.89702,40,26786.036906
31.36051,40,26804.259638
28.780523,40,26822.390467
30.378873,40,26840.7089
29.648552,40,26858.772439
31.810329,40,26876.90938
31.587186,40,26895.196421
30.518243,40,26913.487966
28.496126,40,26931.882837
30.476593,40,26950.130373
29.600704,40,26968.389042
29.015609,40,26986.638173
29.666094,40,27004.886157
28.300096,40,27023.202333
31.158372,40,27041.422053
31.365658,40,27059.673412
9.618583,14,27066.103993
31.275541,40,27084.409887
30.390073,40,27102.55874
28.787449,40,27120.791804
31.301694,40,27138.856426
30.794397,40,27157.157001
31.274812,40,27175.341336
29.552983,40,27193.577032
31.158304,40,27211.874277
29.457133,40,27230.031871
29.763733,40,27248.281205
28.513077,40,27266.429176
28.401627,40,27284.680287
29.040101,40,27302.838933
31.668257,40,27321.143638
31.777579,40,27339.303565
30.400569,40,27357.525627
31.878252,40,27379.840767
31.55857,40,27398.08729
28.850477,40,27416.473855
31.644156,40,27434.652932
29.203695,40,27452.97627
29.597549,40,27471.178936
29.930507,40,27489.344237
28.989221,40,27507.527527
31.05891,40,27525.819438
32.401509,40,27543.95975
31.443977,40,27562.216642
29.596663,40,27580.372108
28.22387,40,27598.546576
29.172611,40,27616.689093
27.890674,40,27634.88117
27.988572,40,27653.049733
32.300415,40,27671.211124
28.259289,40,27689.573296
31.029138,40,27707.772732
30.029802,40,27726.042604
30.620979,40,27744.354306
31.530799,40,27762.59864
28.684083,40,27780.83085
30.036721,40,27798.878365
31.602523,40,27817.016653
30.88039,40,27835.23327
30.56026,40,27853.476911
28.522903,40,27871.681815
30.267851,40,27889.91713
29.397828,40,27908.165668
30.906236,40,27926.296605
31.880878,40,27944.677358
28.958296,40,27962.972032
28.522978,40,27981.160684
29.320359,40,27999.437175
31.484468,40,28017.655451
29.172953,40,28035.902148
32.329775,40,28054.072782
29.004786,40,28072.232508
27.501785,40,28090.567956
29.134127,40,28108.807627
30.626714,40,28126.872942
31.503521,40,28145.01539
30.312959,40,28163.314656
30.291906,40,28181.463863
28.178702,40,28199.737092
29.831707,40,28218.101648
30.846206,40,28236.477351
31.784237,40,28254.698139
29.216603,40,28272.9705
30.805366,40,28291.268875
29.885215,40,28309.453458
29.671093,40,28331.868354
30.58983,40,28350.112963
31.574797,40,28368.256221
31.479755,40,28386.548662
30.623691,40,28404.801222
28.677489,40,28422.984399
29.858041,40,28441.142832
29.520899,40,28459.344025
30.544141,40,28477.471102
28.270921,40,28495.627473
28.296338,40,28513.85663
30.513915,40,28532.018417
28.358425,40,28550.192869
28.921321,40,28568.377554
32.455471,40,28586.584226
31.08109,40,28604.737088
30.147671,40,28622.851408
31.648953,40,28641.157914
30.563569,40,28659.324411
19.650398,28,28672.071541
29.996402,40,28690.243498
31.210849,40,28708.474202
29.088337,40,28726.53093
31.270054,40,28744.825381
29.170905,40,28762.968246
31.258842,40,28781.115792
28.056195,40,28799.264705
13.946737,20,28808.350299
29.29323,40,28826.374225
31.46565,40,28844.598243
31.229105,40,28862.709849
28.232423,40,28880.938425
30.415942,40,28899.160043
28.974152,40,28917.534321
29.732459,40,28935.794372
31.872097,40,28953.94954
29.950048,40,28972.085053
26.417667,38,28989.442868
28.794054,40,29007.642766
28.995938,40,29025.81586
29.255693,40,29044.068954
29.240037,40,29062.150085
28.715472,40,29080.208982
30.620414,40,29098.345947
29.502006,40,29116.425241
29.776105,40,29134.512974
31.474844,40,29152.774361
29.431631,40,29171.000591
29.2169,40,29189.001989
30.932481,40,29207.166575
30.664401,40,29225.421502
30.072591,40,29243.628196
29.718248,40,29265.85355
29.983968,40,29284.063683
28.554868,40,29302.290834
28.707496,40,29320.519969
28.49782,40,29338.654627
29.635302,40,29356.95376
30.829174,40,29375.181939
31.246401,40,29393.478217
30.306946,40,29411.803771
16.834573,24,29422.823999
28.658777,40,29441.102421
29.443033,40,29459.189679
29.341696,40,29477.555949
29.770893,40,29495.729354
30.667308,40,29513.89502
31.185859,40,29532.212156
30.946229,40,29550.538439
1.759848,3,29551.920888
29.165719,40,29570.16452
31.100193,40,29588.448954
27.956557,40,29606.617055
32.425692,40,29624.761294
28.01581,40,29642.874103
30.081579,40,29661.052234
13.197885,19,29669.725108
28.593913,40,29688.180586
29.411507,40,29706.551273
30.502539,40,29724.822087
30.347841,40,29743.121013
30.090657,40,29761.31506
29.654594,40,29779.644953
30.804935,40,29797.759797
29.658825,40,29815.953381
31.170203,40,29834.014913
31.691994,40,29852.218227
29.387058,40,29870.485048
30.39192,40,29888.715016
31.881247,40,29906.968099
31.036556,40,29925.230296
2.941101,5,29927.518616
30.920267,40,29945.659439
30.54562,40,29963.949386
30.27793,40,29982.146064
30.807301,40,30000.423092
31.583427,40,30018.728506
29.054998,40,30037.002685
29.206996,40,30055.238753
31.407703,40,30073.348716
31.544972,40,30091.5473
31.112878,40,30109.761175
30.05486,40,30127.901709
31.455391,40,30146.136686
30.546369,40,30164.400627
31.124685,40,30182.60706
29.361465,40,30204.879109
29.253508,40,30223.112899
28.601696,40,30241.443899
30.512996,40,30259.766279
29.821106,40,30277.889494
29.363577,40,30296.060287
30.403032,40,30314.3536
31.729414,40,30332.633396
29.761897,40,30350.86061
30.205324,40,30369.135556
30.793141,40,30387.371046
29.020816,40,30405.456561
30.393689,40,30423.598636
31.331151,40,30441.877812
28.362102,40,30460.007434
30.249417,40,30478.210419
29.750236,40,30496.471072
31.24413,40,30514.77222
28.802881,40,30532.982565
29.63123,40,30551.247679
30.455702,40,30569.412226
14.429171,21,30578.994259
33.213534,40,30597.160584
31.220998,40,30615.423626
31.347205,40,30633.708212
29.973835,40,30651.865219
29.885222,40,30670.199278
29.191895,40,30688.377677
31.040064,40,30706.620656
29.722434,40,30724.878829
28.383975,40,30743.021145
28.807059,40,30761.240632
31.347673,40,30779.562034
29.619865,40,30797.784047
31.085296,40,30816.062781
29.721134,40,30834.305564
30.631922,40,30852.45554
30.436498,40,30870.800019
28.426712,40,30889.131634
28.762291,40,30907.381653
27.605658,40,30925.608993
30.179773,40,30943.753194
28.919979,40,30961.899363
30.594815,40,30980.214234
28.808744,40,30998.450355
31.12235,40,31016.625268
29.64171,40,31034.721055
29.894332,40,31052.83854
32.523108,40,31071.017767
29.288482,40,31089.201883
30.516349,40,31107.358897
31.748181,40,31129.689646
31.665864,40,31147.833508
30.404592,40,31166.059521
29.213169,40,31184.306451
29.531215,40,31202.543266
28.338221,40,31220.894149
31.177673,40,31238.997349
30.525237,40,31257.087603
30.996275,40,31275.523626
30.045401,40,31293.51825
28.622289,40,31311.574039
29.994806,40,31329.697278
29.31006,40,31347.945748
31.864824,40,31366.175959
3.994248,6,31368.937534
30.065383,40,31387.131572
28.543401,40,31405.478029
32.086117,40,31423.822161
30.667119,40,31442.013393
31.940369,40,31460.200067
29.846082,40,31478.424592
29.059193,40,31496.580324
28.728793,40,31514.848934
29.570183,40,31533.029106
31.787078,40,31551.272079
30.144763,40,31569.534014
29.305413,40,31587.676645
32.611623,40,31605.93164
32.163615,40,31624.067395
30.42512,40,31642.195532
30.149427,40,31660.210911
30.22727,40,31678.281707
29.792345,40,31696.573653
31.506668,40,31714.761212
30.689551,40,31732.945063
29.738704,40,31751.109603
29.926794,40,31769.330551
29.031257,40,31787.60932
30.741056,40,31805.931884
30.627131,40,31824.126314
32.060024,40,31842.28432
31.850241,40,31860.463404
29.623013,40,31878.630236
29.987124,40,31896.796616
29.279332,40,31915.090053
28.629734,40,31933.270796
27.801723,40,31951.439542
29.530821,40,31969.633038
31.499238,40,31987.940719
1.84356,3,31989.317879
28.8703,40,32007.523766
31.526118,40,32025.824514
30.592897,40,32044.10227
30.380578,40,32066.417624
32.904573,40,32084.845304
29.2898,40,32103.1371
4.717985,7,32106.330608
30.786508,40,32124.433614
30.936901,40,32142.650319
30.096444,40,32160.934202
29.976057,40,32179.165529
33.2575,40,32197.363642
30.446829,40,32215.545945
30.58795,40,32233.631615
30.570752,40,32251.895848
30.083973,40,32270.166705
28.419633,40,32288.576144
29.912594,40,32306.793579
29.536031,40,32325.104677
30.767972,40,32343.221192
31.560622,40,32361.326973
32.637242,40,32379.248782
29.964926,40,32397.388371
28.782359,40,32415.541316
32.91458,40,32433.815124
32.042376,40,32452.157032
30.472942,40,32470.362275
30.616936,40,32488.604828
31.12031,40,32506.770511
29.766664,40,32525.02404
30.160113,40,32543.142357
31.658462,40,32561.482245
32.657994,40,32579.66447
30.982379,40,32597.841165
31.707301,40,32615.970711
32.505836,40,32634.24481
5.578342,7,32637.430961
29.492723,40,32655.538732
29.969327,40,32673.823876
31.637448,40,32692.076372
29.617923,40,32710.165262
28.5379,38,32727.444031
11.192958,16,32734.73193
29.352918,40,32752.952752
30.889507,40,32771.190443
30.060579,40,32789.395785
29.933747,40,32807.618209
31.964465,40,32825.82145
30.832686,40,32843.937739
28.768572,40,32862.319802
31.626149,40,32880.55448
29.482579,39,32898.400659
31.850875,40,32916.65724
29.218211,40,32934.853816
30.872119,40,32953.058607
29.65358,40,32971.275706
30.495231,40,32989.352811
28.581917,40,33011.640392
29.459806,40,33029.876247
30.599853,40,33048.131557
29.230591,40,33066.417286
32.860526,40,33084.639091
29.50643,40,33102.765363
30.156816,40,33121.016513
31.203559,40,33139.098507
31.923624,40,33157.472106
30.878752,40,33175.585807
31.812955,40,33193.820349
29.939141,40,33212.048451
29.780566,40,33230.365429
31.791022,40,33248.551967
29.565186,40,33266.822012
28.550778,40,33284.962974
2.336582,4,33286.79795
29.452817,40,33305.103646
29.153854,40,33323.231018
28.976958,40,33341.507169
31.090469,40,33359.718678
30.044186,40,33378.016789
30.935118,40,33396.289464
29.847485,40,33414.409103
32.201966,40,33432.450062
5.225331,8,33436.085299
32.365396,40,33454.180831
32.20157,40,33472.401746
32.085751,40,33490.77447
30.036461,40,33509.002844
32.146875,40,33527.26369
29.149574,40,33545.553596
28.942063,40,33563.757021
29.528862,40,33581.813834
28.99843,40,33599.95601
29.168438,40,33617.986042
31.314695,40,33636.136558
30.426535,40,33654.379589
1.541673,3,33655.78087
31.599546,40,33673.981169
29.037883,40,33692.064495
30.80157,40,33710.262888
31.07384,40,33728.450785
32.10495,40,33746.610231
30.88553,40,33764.816112
29.007008,40,33783.117259
13.804934,19,33791.777887
29.906934,40,33809.929117
30.680295,40,33828.104372
31.810808,40,33846.281814
30.190342,40,33864.36704
30.223465,40,33882.597124
30.263597,40,33900.771542
31.701021,40,33918.841806
31.697038,40,33941.120331
30.26684,40,33959.444288
30.234045,40,33977.707315
31.869969,40,33995.953538
30.154219,40,34014.143034
30.454603,40,34032.437225
30.572157,40,34050.63586
29.94411,40,34068.820024
28.852208,40,34087.028196
30.092932,40,34105.225246
30.530435,40,34123.508024
30.431822,40,34141.725896
29.385442,40,34159.969327
29.526727,40,34178.199732
17.023896,22,34188.155884
31.833537,40,34206.435355
31.1686,40,34224.723863
28.691834,40,34242.933639
30.587368,40,34261.333864
32.329449,40,34279.502674
29.652876,40,34297.565132
28.870056,40,34315.736891
28.841414,40,34333.801448
31.093415,40,34352.036551
31.211931,40,34370.265301
28.590131,40,34388.449947
31.224652,40,34406.670071
29.41403,40,34424.810728
31.547529,40,34442.955048
29.092908,40,34461.372529
30.499501,40,34479.642829
30.834657,40,34497.819218
17.553594,22,34507.887155
31.164565,40,34526.092091
30.960803,40,34544.294341
31.493264,40,34562.472957
28.9755,40,34580.678996
29.530044,40,34598.841141
31.895205,40,34616.9482
30.576967,40,34635.17291
28.836781,40,34653.458305
32.339112,40,34671.583215
32.878819,40,34689.858369
31.137186,40,34708.126176
30.059668,40,34726.318519
28.858916,40,34744.475639
31.347209,40,34762.691464
31.608349,40,34780.941645
32.557153,40,34799.148726
29.551292,40,34817.210989
29.244939,40,34835.4101
2.815781,4,34837.261146
30.870971,40,34855.457601
31.917651,40,34877.746332
30.996942,40,34895.848498
30.846011,40,34914.016221
30.541899,40,34932.332155
29.616787,40,34950.550793
29.043005,40,34968.763001
30.157766,40,34986.892521
30.091268,40,35005.067744
17.418275,25,35016.510216
31.01534,40,35034.702325
29.564978,40,35052.904401
31.384954,40,35070.994992
29.315919,40,35089.331338
32.458994,40,35107.556895
30.583035,40,35125.747547
30.230739,40,35143.961496
28.638055,40,35162.120351
29.434143,40,35180.330128
29.14224,40,35198.539851
28.11198,40,35216.756028
28.174258,40,35235.135867
31.045234,40,35253.468912
31.454335,40,35271.829378
31.010298,40,35289.99348
29.144966,40,35308.045814
30.923198,40,35326.304561
4.57078,7,35329.46804
28.991926,40,35347.826759
28.901529,40,35366.014526
29.532772,40,35384.374451
32.615037,40,35402.67956
30.901196,40,35420.934085
31.557812,40,35439.140845
31.967814,40,35457.309515
31.777659,40,35475.501085
32.817694,40,35493.730349
30.51104,40,35511.949248
5.389509,8,35515.606562
30.059301,40,35533.816293
8.123478,12,35539.31029
31.892391,40,35557.549616
30.633597,40,35575.678112
29.315193,40,35593.835844
28.376797,40,35612.024952
29.253737,40,35630.2168
32.274789,40,35648.25711
28.653277,40,35666.400176
3.371743,5,35668.703937
30.123141,40,35687.05709
30.375369,40,35705.311101
28.713872,40,35723.719906
28.950572,40,35742.066185
29.516643,40,35760.368017
28.953602,40,35778.485968
32.633356,40,35796.798801
29.285676,40,35818.945981
1.675253,3,35820.301873
2.602568,4,35822.115351
30.300335,40,35840.32466
31.528233,40,35858.453102
31.009082,40,35876.793993
31.62413,40,35895.212536
29.951331,40,35913.558225
10.598132,15,35920.419317
29.642868,40,35938.769691
30.543077,40,35957.075417
31.445106,40,35975.447944
32.119022,40,35993.713817
30.516674,40,36011.958369
29.817284,40,36030.269027
30.234505,40,36048.523177
29.991365,40,36066.639031
30.935849,40,36084.960387
29.670056,40,36103.333149
7.87647,12,36108.802294
29.736353,40,36127.126741
30.44934,40,36145.296578
30.739677,40,36163.552474
29.471254,40,36181.764958
29.483088,40,36200.029899
28.999204,40,36218.217977
13.92142,19,36226.879479
30.193551,40,36245.06091
31.733097,40,36263.262669
31.057479,40,36281.517072
29.920114,40,36299.834844
12.699931,18,36308.022707
31.620365,40,36326.222324
31.208323,40,36344.390539
30.214976,40,36362.7583
28.863523,40,36380.860012
29.474389,40,36399.211508
28.981393,40,36417.564408
31.318829,40,36435.840572
29.834582,40,36454.063332
31.315475,40,36472.240489
28.50864,40,36490.458906
31.043521,40,36508.649929
30.827376,40,36526.855838
31.505976,40,36545.113873
29.588409,40,36563.216687
29.576745,40,36581.460564
28.321581,40,36599.78676
29.864685,40,36618.133208
29.779645,40,36636.436221
31.496405,40,36654.669098
28.601498,40,36673.046918
28.24517,40,36691.215776
30.962125,40,36709.477892
28.396148,40,36727.769543
28.948829,40,36750.058786
30.394522,40,36768.401248
31.815738,40,36786.642419
30.312151,40,36804.953898
31.285887,40,36823.17959
28.599399,40,36841.441426
29.516358,40,36859.758504
28.173764,40,36877.901033
30.097843,40,36896.199739
32.096735,40,36914.479538
31.669759,40,36932.597233
29.134671,40,36950.729851
29.629174,40,36969.100433
28.99061,40,36987.381187
30.391754,40,37005.743455
28.620159,40,37024.001322
31.420729,40,37042.275803
32.174118,40,37060.513924
31.771924,40,37078.740424
31.024907,40,37096.87357
29.84038,40,37115.102602
30.928002,40,37133.437659
30.560073,40,37151.783826
29.096252,40,37170.033627
31.060269,40,37188.226812
29.753839,40,37206.390273
29.067754,40,37224.595037
31.075922,40,37242.793203
31.118373,40,37260.9919
28.080766,40,37279.199845
32.48583,40,37297.349317
31.573787,40,37315.48336
28.986842,40,37333.679482
29.424352,40,37351.81656
31.641995,40,37370.111104
30.589939,40,37388.241773
31.563576,40,37406.316869
28.976348,40,37424.596463
30.425512,40,37442.804574
30.068592,40,37461.09423
32.182755,40,37479.308542
29.824094,40,37497.687152
28.969233,40,37515.93864
22.336377,29,37529.311344
28.46928,40,37547.652185
30.135628,40,37565.77449
32.409577,40,37584.160504
31.778537,40,37602.547492
31.315351,40,37620.80258
29.482564,40,37638.97385
30.102293,40,37657.223744
30.305041,40,37675.550883
30.10929,40,37697.872135
28.785494,40,37716.202414
31.991631,40,37734.395574
29.307068,40,37752.592976
30.550103,40,37770.811837
31.662866,40,37789.067604
30.772993,40,37807.426607
32.496781,40,37825.825109
31.338394,40,37843.991642
30.905094,40,37862.048242
31.419991,40,37880.460936
29.888495,40,37898.720651
28.384109,40,37916.925014
30.276064,40,37935.210999
30.241029,40,37953.674615
31.993555,40,37971.858066
29.941641,40,37990.17086
30.988272,40,38008.542313
8.27772,12,38014.092618
32.081868,40,38032.344055
29.958541,40,38050.395555
31.398677,40,38068.49482
29.608972,40,38086.798727
31.677884,40,38105.026192
33.044524,40,38123.354587
11.555174,16,38130.584314
30.356439,40,38148.957918
29.349839,40,38167.156543
29.411611,40,38185.45016
31.080258,40,38203.617634
30.576306,40,38221.864789
31.612304,40,38239.888862
29.536951,40,38258.044671
31.856588,40,38276.463643
31.802086,40,38294.696826
28.503419,40,38312.896304
31.135927,40,38331.190072
31.89637,40,38349.548454
31.087768,40,38367.884417
28.54251,40,38386.078041
29.460425,40,38404.342307
30.208615,40,38422.486215
28.975507,40,38440.695163
28.243645,40,38458.910148
32.524016,40,38477.065815
32.358625,40,38495.282668
31.850405,40,38513.518526
28.427096,40,38531.596122
30.861536,40,38549.702278
31.645598,40,38567.924671
28.877616,40,38586.325713
20.560272,29,38599.428947
28.861304,40,38617.603404
30.278009,40,38639.828156
30.68849,40,38658.075113
31.499918,40,38676.193578
31.732738,40,38694.433629
31.087819,40,38712.597465
28.46137,40,38730.70373
29.138535,40,38749.062102
31.587554,40,38767.456401
31.423086,40,38785.609488
30.830847,40,38803.848796
15.986727,22,38813.895313
28.610467,40,38832.150253
29.4208,40,38850.33497
31.400696,40,38868.603002
30.106194,40,38886.942161
28.834003,40,38904.982966
31.479849,40,38923.334025
31.163238,40,38941.574539
31.348526,40,38959.861004
31.565852,40,38977.990831
32.116492,40,38996.121425
28.239231,40,39014.314878
32.110274,40,39032.669342
31.968948,40,39050.974242
30.421566,40,39069.230353
30.302561,40,39087.448978
28.94199,40,39105.779664
30.283098,40,39123.990228
30.849536,40,39142.114837
28.992912,40,39160.372053
29.102235,40,39178.422978
29.606842,40,39196.560316
32.13313,40,39214.864925
28.808514,40,39233.025313
29.218303,40,39251.298068
32.742282,40,39269.568416
28.541795,40,39287.78493
28.945767,40,39306.070021
31.825533,40,39324.233414
28.788922,40,39342.372577
29.205368,40,39360.439443
31.957603,40,39378.975912
28.861471,40,39397.356018
31.384658,40,39415.67023
8.355164,13,39421.574411
29.310409,40,39439.694287
32.212065,40,39457.937819
31.013528,40,39476.082538
28.537504,40,39494.259662
29.828886,40,39512.517623
29.610109,40,39530.62704
28.951862,40,39548.844886
29.484349,40,39571.020722
32.627835,40,39589.263408
29.311244,40,39607.564055
31.373885,40,39625.70673
30.891276,40,39643.875451
28.066116,40,39662.076011
30.186552,40,39680.359257
29.881088,40,39698.612481
32.112875,40,39716.698298
24.960383,35,39732.82787
30.841539,40,39750.979526
30.964866,40,39769.181018
31.132725,40,39787.482748
28.449522,40,39805.804355
28.877708,40,39824.083028
30.104531,40,39842.344734
30.787253,40,39860.594643
32.069504,40,39878.809133
29.927723,40,39896.974886
30.724851,40,39915.28784
30.404507,40,39933.430463
30.672759,40,39951.790889
32.337749,40,39970.024786
29.677941,40,39988.149639
29.186074,40,40006.294411
29.741231,40,40024.527376
30.740638,40,40042.845134
28.36671,40,40061.185112
30.286977,40,40079.470638
31.056408,40,40097.691225
31.494658,40,40115.858787
29.733977,40,40134.056146
28.875609,40,40152.133457
31.946453,40,40170.205357
30.956939,40,40188.43169
32.343615,40,40206.629544
30.051128,40,40224.83581
29.595245,40,40243.15501
20.354058,27,40255.411645
28.451123,40,40273.785624
30.963778,40,40291.985009
31.373189,40,40310.246812
30.183539,40,40328.325024
31.890069,40,40346.807893
31.789242,40,40365.146731
29.525962,40,40383.438715
31.035377,40,40401.697784
30.662245,40,40419.950261
31.112229,40,40438.340718
31.192573,40,40456.540722
28.526601,40,40474.850027
30.862362,40,40493.270555
30.639157,40,40515.689386
30.883273,40,40533.977179
31.885097,40,40552.145304
30.504898,40,40570.286386
28.333377,40,40588.712778
27.858622,40,40606.852416
29.721596,40,40625.159334
30.654048,40,40643.47457
28.145884,40,40661.853299
29.410305,40,40680.080915
28.701311,40,40698.308336
28.890679,40,40716.587344
28.509742,40,40734.813529
29.493505,40,40753.005571
31.122223,40,40771.195142
30.559763,40,40789.341338
30.985447,40,40807.501497
31.497831,40,40825.639187
29.480735,40,40844.046302
30.201023,40,40862.165735
30.950652,40,40880.403662
2.733373,5,40882.70032
27.828997,40,40900.81733
28.8873,40,40919.152619
31.551311,40,40937.195851
30.099267,40,40955.312471
29.160157,40,40973.504545
31.732568,40,40991.798076
32.61282,40,41010.020639
31.745371,40,41028.242069
31.826796,40,41046.351853
29.766391,40,41064.631307
29.879683,40,41082.866479
29.506847,40,41101.083972
28.886235,40,41119.476768
29.469127,40,41137.867679
30.689551,40,41156.248736
31.894653,40,41174.486903
30.212851,40,41192.766834
29.520229,40,41210.91419
31.57032,40,41229.266107
31.542959,40,41247.626726
29.496027,40,41265.830165
29.891405,40,41284.181156
29.539953,40,41302.518892
32.863503,40,41320.909331
30.875048,40,41339.165065
30.629873,40,41357.288549
28.508489,40,41375.728977
29.261438,40,41393.935548
28.791002,40,41412.208677
29.459443,40,41430.545138
32.957103,40,41452.721782
31.214112,40,41470.934632
29.582261,40,41489.209186
29.232835,40,41507.453315
31.413155,40,41525.751066
28.335484,40,41543.993711
31.863636,40,41562.237098
31.185637,40,41580.406461
28.788997,40,41598.704932
31.522366,40,41616.910694
31.311953,40,41635.23385
31.778445,40,41653.429272
31.556257,40,41671.632774
31.272068,40,41689.862246
28.436613,40,41708.19502
29.561003,40,41726.52487
32.706726,40,41744.960238
29.322852,40,41763.131956
29.46627,40,41781.367187
28.709162,40,41799.773641
28.808665,40,41818.002581
28.080796,39,41835.733507
30.088581,40,41853.864716
33.174544,40,41871.97961
30.571141,40,41890.320302
29.11583,40,41908.749203
31.477472,40,41926.948714
29.606216,40,41945.103433
28.702876,40,41963.332385
28.859201,40,41981.628132
29.718148,40,41999.871252
14.889099,19,42008.526284
28.73367,40,42026.695533
29.897582,40,42044.888281
32.490601,40,42063.074663
28.504364,40,42081.34886
29.392919,40,42099.575291
28.272354,40,42117.783579
32.367664,40,42136.123094
31.673456,40,42154.308081
31.248095,40,42172.530069
28.932727,40,42190.767437
32.932954,40,42209.10037
29.989876,40,42227.226971
31.138673,40,42245.442521
31.828069,40,42263.916392
31.477544,40,42282.197275
30.456766,40,42300.443659
30.198362,40,42318.645571
29.33286,40,42336.87022
29.154813,40,42355.11462
29.113868,40,42377.426142
28.771003,40,42395.606966
28.510915,40,42413.87373
29.95745,40,42432.225343
32.135547,40,42450.568502
33.194838,40,42468.815177
31.22023,40,42487.012086
31.743291,40,42505.240419
29.088152,40,42523.43127
29.464214,40,42541.654399
32.117438,40,42559.988055
33.111871,40,42578.365929
28.199571,40,42596.677496
31.093736,40,42614.910372
28.851349,40,42633.180848
30.217615,40,42651.549807
31.028076,40,42669.755726
29.484579,40,42688.006783
31.626565,40,42706.181364
29.89527,40,42724.317319
30.483049,40,42742.542116
28.071049,40,42760.667542
29.5689,40,42778.965451
31.809141,40,42797.156829
32.870499,40,42815.425163
28.312819,40,42833.821461
32.632486,40,42851.99486
31.350482,40,42870.340731
31.553429,40,42888.499572
28.207966,40,42906.868772
30.651678,40,42925.090691
30.46354,40,42943.384119
30.158146,40,42961.646736
28.680606,40,42979.860594
31.740097,40,42998.109031
31.169726,40,43016.284139
27.776331,40,43034.663832
29.359671,40,43052.924671
27.967503,40,43071.175529
29.195797,40,43089.436738
28.55317,40,43107.746058
3.79538,6,43110.482134
28.749436,40,43128.880859
28.51533,40,43147.105041
31.960563,40,43165.40709
29.593933,40,43183.569015
29.809604,40,43201.624308
28.868992,40,43219.84571
32.344487,40,43238.190547
32.3616,40,43256.404283
28.655026,40,43274.598386
1.666549,3,43275.988689
32.85708,40,43294.239496
31.393854,40,43316.488898
29.016707,40,43334.703454
29.059517,40,43352.898041
28.663602,40,43371.14009
31.572239,40,43389.399175
28.977102,40,43407.579256
30.445812,40,43425.813394
32.72665,40,43444.021514
29.814214,40,43462.454782
29.116609,40,43480.729267
32.269055,40,43499.179699
33.138564,40,43517.443777
30.493517,40,43535.64469
31.526917,40,43553.946871
30.152812,40,43572.160648
30.152057,40,43590.368994
28.078736,40,43608.701468
30.819464,40,43626.96365
29.363323,40,43645.058591
29.330787,40,43663.392586
29.955636,40,43681.795097
30.389268,40,43699.879205
29.42399,40,43718.007661
32.294394,40,43736.444427
21.202781,27,43748.859375
29.18177,40,43767.065856
32.463569,40,43785.259355
30.474789,40,43803.491613
30.718524,40,43821.75675
30.04914,40,43839.983344
29.246024,40,43858.22577
29.028031,40,43876.587005
32.430253,40,43894.931382
33.362345,40,43913.19192
29.260923,40,43931.38815
29.876216,40,43949.457253
30.315093,40,43967.688647
32.799112,40,43986.047778
29.135036,40,44004.1984
28.860866,40,44022.340544
30.060292,40,44040.528262
31.182851,40,44058.812756
28.894701,40,44076.986783
28.495202,40,44095.05099
31.568138,40,44113.376683
29.452546,40,44131.648705
28.589187,40,44149.911122
30.490512,40,44168.219192
31.538254,40,44186.442616
29.101537,40,44204.61366
1.47626,3,44205.990849
29.327348,40,44224.301111
28.68886,40,44242.496794
30.853495,40,44264.679996
29.241342,40,44282.818974
30.151328,40,44300.952762
32.84627,40,44319.21693
30.446779,40,44337.486858
32.285831,40,44355.806455
31.671233,40,44374.131207
29.593913,40,44392.39484
32.23413,40,44410.613342
31.314524,40,44428.84084
30.837369,40,44447.140847
32.423462,40,44465.270729
31.233546,40,44483.591024
20.09216,29,44496.735346
30.79103,40,44514.984498
11.973448,17,44522.720087
33.027918,40,44540.977959
28.986811,40,44559.733702
28.248066,40,44578.131315
30.399972,40,44596.414477
29.358836,40,44614.861359
29.686361,40,44633.029577
29.713353,40,44651.342821
32.407805,40,44669.515501
28.727161,40,44687.605834
30.364359,40,44706.048516
30.288482,40,44724.420519
28.139017,40,44742.786618
31.585875,40,44761.05734
31.373591,40,44779.358769
29.800849,40,44797.470199
31.833117,40,44815.794689
28.850004,40,44833.981285
30.929011,40,44852.241317
33.500394,40,44870.419217
29.267001,40,44888.674271
31.357731,40,44906.839018
30.412803,40,44925.077226
29.075112,40,44943.22234
30.602256,40,44961.455003
31.356388,40,44979.698471
17.540926,22,44989.720561
28.528561,40,45007.904379
30.200008,40,45026.05657
32.664864,40,45044.187332
29.19435,40,45062.353809
29.494605,40,45080.727835
28.976096,40,45098.985251
30.968955,40,45117.262244
31.234695,40,45135.694362
30.12375,40,45153.916492
28.395232,40,45172.148315
29.632458,40,45194.368406
31.996501,40,45212.673064
30.1267,40,45230.853923
29.629599,40,45249.154316
30.074917,40,45267.272403
29.379489,40,45285.543465
30.225296,40,45303.877344
28.835115,40,45322.245587
27.928194,40,45340.507043
30.390312,40,45358.81978
29.949911,40,45377.097579
30.839165,40,45395.33607
32.218143,40,45413.520547
29.66876,40,45431.717855
31.895447,40,45449.896129
32.203026,40,45468.270765
31.276683,40,45486.416281
29.451467,40,45504.620811
30.321364,40,45522.837413
29.610675,40,45541.007768
29.877625,40,45559.183995
29.445957,40,45577.545537
28.95414,40,45595.818957
29.398151,40,45614.127275
30.363584,40,45632.444021
31.592162,40,45650.773325
32.319593,40,45669.037867
28.928075,40,45687.367081
29.208218,40,45705.730167
29.677059,40,45723.935068
32.799256,40,45742.181401
30.790859,40,45760.461322
32.118465,40,45778.717061
28.264379,40,45797.185887
33.008347,40,45815.394494
33.240496,40,45833.617979
29.108954,40,45851.794943
28.447759,40,45870.117655
31.067446,40,45888.199981
32.079335,40,45906.40734
29.149909,40,45924.493392
30.033227,40,45942.645142
30.647372,40,45960.960814
32.68576,40,45979.222307
30.346817,40,45997.428446
32.631492,40,46015.64248
31.838428,40,46033.776942
30.271719,40,46051.979014
30.761757,40,46070.207355
29.757251,40,46088.266032
29.54318,40,46106.430966
31.377759,40,46124.769466
29.675672,40,46146.95112
30.735408,40,46165.11225
29.83714,40,46183.44181
29.860152,40,46201.575891
29.410405,40,46219.77784
32.542889,40,46238.044556
30.807513,40,46256.259372
29.548506,40,46274.460985
32.897343,40,46292.689991
32.535093,40,46310.898656
28.820415,40,46329.120342
31.310571,40,46347.264263
29.070781,40,46365.55214
30.243069,40,46383.891793
33.455134,40,46402.11032
33.626249,40,46420.475266
28.835402,40,46438.612042
30.225448,40,46456.775975
33.13457,40,46475.153427
31.554942,40,46493.583369
31.891148,40,46511.914324
30.355147,40,46530.119293
29.378695,40,46548.333599
26.291313,37,46565.121409
32.072288,40,46583.458888
28.570479,40,46601.661669
32.449245,40,46619.906847
30.607936,40,46638.305105
29.415497,40,46656.620982
30.098677,40,46674.874482
31.398377,40,46693.145026
31.077999,40,46711.428104
30.630819,40,46729.719464
30.451291,40,46748.217661
30.019233,40,46766.618342
29.240993,40,46784.984844
31.714737,40,46803.171524
29.052164,40,46821.539264
31.975005,40,46839.922716
31.309824,40,46858.322368
32.743536,40,46876.736272
29.144828,40,46894.915037
29.749553,40,46913.187009
31.259923,40,46931.404314
32.034361,39,46949.164158
31.702917,40,46967.403822
30.62961,40,46985.773058
29.445376,40,47004.023997
30.328435,40,47022.252846
30.610105,40,47040.445259
30.640682,40,47058.6535
30.496181,40,47080.863844
31.610696,40,47099.261313
31.307188,40,47117.545757
30.78297,40,47135.803428
31.583995,40,47154.029246
28.755925,40,47172.265799
33.031998,40,47190.52719
31.195764,40,47208.798017
31.933893,40,47227.043721
29.144564,40,47245.311669
28.835727,40,47263.61384
29.458799,40,47281.932264
32.323804,40,47300.130856
29.223944,40,47318.349067
31.496228,40,47336.639225
31.830636,40,47354.776178
33.271355,40,47373.166975
31.464406,40,47391.317543
32.944396,40,47409.671186
32.019398,40,47427.975019
29.94431,40,47446.191386
32.876516,40,47464.500892
31.104108,40,47482.781482
31.060792,40,47501.010935
33.221092,40,47519.174323
32.124915,40,47537.369737
31.721788,40,47555.678033
31.258036,40,47573.845715
29.777581,40,47592.103712
28.982094,40,47610.363301
29.238972,40,47628.545561
29.477783,40,47646.84687
31.45396,40,47665.084633
31.939212,40,47683.269822
28.737292,40,47701.611472
32.390471,40,47719.877705
28.883985,40,47738.239971
29.303633,40,47756.53992
29.362041,40,47774.982916
31.347745,40,47793.141793
29.469022,40,47811.44847
17.845424,22,47821.486354
31.749811,40,47839.820191
32.442785,40,47858.176979
28.669987,40,47876.473907
31.279502,40,47894.544837
29.45079,40,47912.822235
32.448087,40,47931.147347
30.205196,40,47949.30482
32.040686,40,47967.705433
29.769364,40,47986.057372
30.717843,40,48008.312096
30.503514,40,48026.500966
28.374768,40,48044.722071
32.668813,40,48062.944533
28.641382,40,48081.240168
33.278285,40,48099.648616
28.375212,40,48117.919603
32.969509,40,48136.29792
29.168752,40,48154.558952
31.473237,40,48172.748903
33.609595,40,48191.077426
29.743251,40,48209.217608
2.543316,4,48211.066004
32.068085,40,48229.384821
28.977477,40,48247.693447
28.468659,40,48265.940964
29.255877,40,48284.171364
31.119953,40,48302.403867
33.313887,40,48320.577582
30.98437,40,48338.735039
29.1997,40,48356.813764
29.449109,40,48375.087201
31.889542,40,48393.22945
29.959056,40,48411.461024
31.406544,40,48429.998233
29.420401,40,48448.72555
32.3722,40,48467.026882
29.240893,40,48485.267463
30.506474,40,48503.632498
32.869584,40,48521.809335
32.339116,40,48540.129687
29.867168,40,48558.358371
28.780665,40,48576.80215
28.37399,40,48595.103013
29.308847,40,48613.433295
32.607457,40,48631.674204
28.350173,40,48649.906488
30.023949,40,48668.035354
11.595105,17,48675.777456
32.17199,40,48694.148487
31.444857,40,48712.381111
28.950533,40,48730.722962
30.148623,40,48749.02731
28.67725,40,48767.349949
32.437453,40,48785.676113
29.872812,40,48803.800909
28.683074,40,48822.020979
30.182433,40,48840.148771
33.305689,40,48858.356136
31.004633,40,48876.457219
31.303281,40,48894.761814
31.569591,40,48913.180711
30.248633,40,48931.475479
27.826092,40,48953.910331
29.301932,40,48972.200805
28.836539,40,48990.421334
30.566566,40,49008.556941
30.31571,40,49026.685688
29.706138,40,49044.765364
31.967934,40,49062.975637
29.085817,40,49081.157951
32.820642,40,49099.273089
31.539581,40,49117.722077
30.834449,40,49136.049451
28.653815,40,49154.298658
26.911266,37,49171.23083
31.232967,40,49189.468819
2.358871,4,49191.293396
29.738088,40,49209.474853
32.036748,40,49227.723447
33.236703,40,49246.048693
30.904453,40,49264.412812
31.511697,40,49282.682266
30.632648,40,49300.946088
29.161379,40,49319.148534
31.48478,40,49337.62274
29.601045,40,49355.806012
32.538174,40,49374.114793
33.56764,40,49392.453359
29.705106,40,49410.70982
30.564148,40,49429.015647
32.768987,40,49447.396546
32.914273,40,49465.66392
32.93184,40,49483.852928
33.198689,40,49502.077856
30.688439,40,49520.275235
29.493513,40,49538.363367
31.141021,40,49556.580383
26.952555,38,49574.003502
29.8504,40,49592.236525
33.629427,40,49610.435734
33.099697,40,49628.551561
30.631537,40,49646.786716
28.943842,40,49665.060255
31.844399,40,49683.31078
31.11896,40,49701.514197
0.971345,2,49702.435999
29.974585,40,49720.743912
32.033691,40,49739.028299
30.354663,40,49757.229639
29.508,40,49775.440717
31.930488,40,49793.735157
30.132449,40,49812.190141
33.288345,40,49830.467561
32.340694,40,49848.759882
32.265002,40,49867.034628
29.29385,40,49889.327731
28.42675,40,49907.613502
33.486658,40,49925.83079
32.497286,40,49944.048381
32.463212,40,49962.15615
32.88828,40,49980.47999
33.491571,40,49998.664982
29.139984,40,50016.864093
27.837851,40,50035.096018
28.774709,40,50053.319687
28.193157,40,50071.602321
30.831147,40,50089.772293
29.336946,40,50108.00851
32.004009,40,50126.258852
29.125789,40,50144.468455
30.107237,40,50162.671478
30.50296,40,50180.841361
29.427929,40,50199.069459
29.856132,40,50217.399345
31.926606,40,50235.817296
33.281047,40,50254.043525
30.483023,40,50272.191068
32.845608,40,50290.434892
30.991982,40,50308.663111
32.177955,40,50326.858639
29.522412,40,50345.129091
32.051324,40,50363.454983
29.897874,40,50381.676782
28.999839,40,50399.855963
30.843081,40,50418.113071
28.720594,40,50436.307858
33.120234,40,50454.650625
28.348666,40,50472.813531
28.992676,40,50491.083308
31.724736,40,50509.22706
28.557043,40,50527.515783
31.827961,40,50545.894017
32.609847,40,50564.316281
28.682882,40,50582.610022
30.148389,40,50600.750946
33.188989,40,50619.069373
29.801408,40,50637.333247
30.267515,40,50655.621122
28.72069,40,50673.912327
29.898704,40,50692.23724
32.952252,40,50710.587116
31.054828,40,50728.757052
30.46151,40,50746.993522
28.369416,40,50765.34571
29.878737,40,50783.437885
28.622871,40,50801.728664
30.1468,38,50819.091903
33.031742,40,50841.518695
32.766048,40,50859.796767
28.494928,40,50878.022996
33.037018,40,50896.415435
9.187753,14,50902.837892
32.386875,40,50921.070336
32.024383,40,50939.383824
31.979034,40,50957.654253
28.534698,40,50976.003676
30.88278,40,50994.287801
31.483692,40,51012.474884
33.424836,40,51030.646964
28.671303,40,51048.857729
29.259695,40,51066.962446
29.816172,40,51085.23047
31.575429,40,51103.632461
29.647127,40,51122.027356
29.668619,40,51140.209313
29.311004,40,51158.494527
32.34331,40,51176.59493
15.871975,23,51187.164866
32.862037,40,51205.488965
31.921419,40,51223.823142
33.428719,40,51242.030689
31.657205,40,51260.323773
30.84679,40,51278.574273
30.359912,40,51296.864518
29.424507,40,51315.195753
30.654823,40,51333.68377
28.725688,40,51351.922444
29.718298,40,51370.282377
31.120317,40,51388.488808
31.753499,40,51406.757024
29.344484,40,51424.947106
33.024164,40,51443.116488
31.312261,40,51461.364615
28.67782,40,51479.602979
30.15611,40,51498.003927
31.15869,40,51516.30374
28.758385,40,51534.698445
32.212065,40,51552.869454
31.73429,40,51571.196373
31.821914,40,51589.324209
30.208924,40,51607.580109
29.852767,40,51625.951921
31.449934,40,51644.276323
29.912772,40,51662.580148
29.325691,40,51680.901142
29.24027,40,51699.165201
32.29124,40,51717.349856
33.377666,40,51735.650473
30.656247,40,51753.887281
28.881946,40,51776.13387
33.163654,40,51794.395761
30.487623,40,51812.652069
28.41974,40,51830.860071
29.626392,40,51848.97358
2.309314,4,51850.794654
30.743065,40,51869.064002
30.392421,40,51887.326211
16.502116,24,51898.246808
28.31823,40,51916.489108
28.739858,40,51934.774051
31.011589,40,51952.981708
32.319373,40,51971.23244
28.646635,40,51989.514765
29.086032,40,52007.785423
32.101372,40,52026.081612
32.213412,40,52044.376385
29.361357,40,52062.591823
31.413981,40,52080.739981
32.1878,40,52098.962278
32.821117,40,52117.209028
32.367442,40,52135.432832
29.777759,40,52153.521366
29.067745,40,52171.75695
31.837589,40,52189.958915
29.277902,40,52208.107471
28.900024,40,52226.444111
33.22397,40,52244.78988
31.790444,40,52262.936442
32.986633,40,52281.234981
30.180038,40,52299.468477
29.209202,40,52317.766308
32.146885,40,52335.888942
29.408157,40,52354.260415
31.353399,40,52372.458225
33.224013,40,52390.576631
31.703649,40,52408.764403
30.136023,40,52426.900673
29.567219,40,52445.24206
29.386324,40,52463.643787
27.53296,40,52482.021328
31.738498,40,52500.162559
33.694579,40,52518.298181
33.253104,40,52536.493397
28.764012,40,52554.693312
32.518172,40,52572.875567
1.733333,3,52574.26976
28.898773,40,52592.588079
29.944011,40,52610.895972
32.771688,40,52629.065571
33.166589,40,52647.361158
31.331836,40,52665.69606
30.874761,40,52683.98169
32.905021,40,52706.112324
31.696071,40,52724.370369
29.483618,40,52742.648225
30.322375,40,52761.000191
32.440412,40,52779.291728
31.686461,40,52797.48684
33.279097,40,52815.782221
28.650089,40,52833.990389
29.758337,40,52852.395824
32.293367,40,52870.790486
29.577961,40,52889.0339
31.065294,40,52907.331918
31.566445,40,52925.662112
29.329197,40,52944.0007
29.435602,40,52962.325944
32.872565,40,52980.60022
30.172422,40,52998.825557
30.409593,40,53017.14283
32.351339,40,53035.265912
31.400919,40,53053.565621
29.295321,40,53071.674068
29.544035,40,53090.081125
31.041317,40,53108.506318
29.288732,40,53126.886404
32.828213,40,53145.079978
33.058558,40,53163.227702
32.213716,40,53181.438777
14.276361,18,53189.69435
28.774791,40,53207.883466
31.268602,40,53226.175463
29.711774,40,53244.479345
31.223146,40,53262.676914
31.210698,40,53281.039669
29.61542,40,53299.253433
32.419656,40,53317.444772
28.889504,40,53335.583401
28.317954,40,53353.88206
29.330505,40,53372.072185
31.70777,40,53390.303069
29.393007,40,53408.471546
31.881126,40,53426.870404
32.153259,40,53445.251645
31.495812,40,53463.54369
32.507074,40,53481.807808
29.262979,40,53500.193443
29.381881,40,53518.630556
29.95843,40,53536.962008
32.711819,40,53555.351575
28.308635,40,53573.599863
29.727535,40,53591.967752
28.126164,40,53610.214438
31.778512,40,53628.578175
29.389111,40,53650.810361
29.501301,40,53669.163915
30.120988,40,53687.336581
26.912765,35,53703.313137
29.458157,40,53721.708752
30.833127,40,53739.889631
30.402432,40,53758.270398
32.822706,40,53776.601483
31.436819,40,53794.950993
28.878516,40,53813.147878
28.135676,40,53831.280432
26.811093,38,53848.560467
32.015905,40,53866.87906
31.57447,40,53885.146242
28.710303,40,53903.419683
29.658783,40,53921.682421
32.257719,40,53939.969951
28.600651,40,53958.32475
32.429987,40,53976.471108
28.474189,40,53994.658917
30.497692,40,54012.901937
29.88074,40,54031.108475
28.881925,40,54049.286788
30.933782,40,54067.457078
29.725729,40,54085.820646
32.85128,40,54104.216242
30.596221,40,54122.526924
28.401032,40,54140.735085
30.400846,40,54158.998323
29.353043,40,54177.154905
31.035809,40,54195.288213
29.442709,40,54213.44884
32.768569,40,54231.675536
28.335226,40,54249.993623
33.537855,40,54268.298719
31.379376,40,54286.615118
31.234073,40,54304.832848
29.405014,40,54323.08967
33.383105,40,54341.324074
29.579728,40,54359.590556
30.092983,40,54377.885627
28.72284,40,54396.135998
32.062812,40,54414.368392
31.848867,40,54432.739402
32.93959,40,54450.979569
32.513703,40,54469.236518
31.679167,40,54487.580214
29.162018,40,54505.842252
29.575349,40,54524.129324
31.855026,40,54542.619978
33.587231,40,54560.774713
31.148639,40,54583.031088
32.121268,40,54601.254822
29.710615,40,54619.453119
33.565351,40,54637.633553
30.418297,40,54655.880482
29.443226,40,54674.11455
32.069924,40,54692.288646
30.774651,40,54710.536304
32.874551,40,54728.865665
31.888944,40,54747.272202
31.469154,40,54765.560897
31.327449,40,54783.952179
32.143025,40,54802.237122
30.095594,40,54820.264002
31.528667,40,54838.62245
28.988874,40,54856.908434
28.52416,40,54875.30101
32.122016,40,54893.601248
32.249988,40,54911.817031
32.770913,40,54930.084468
30.950608,40,54948.519406
30.521141,40,54966.792884
30.2577,40,54985.08684
32.578106,40,55003.31803
29.477494,40,55021.5305
31.680492,40,55039.950068
33.061839,40,55058.261048
32.357985,40,55076.517052
32.331839,40,55094.735642
31.948279,40,55113.081105
29.735399,40,55131.204069
29.53236,40,55149.565922
31.350236,40,55167.992222
31.569875,40,55186.345676
29.844545,40,55204.473715
32.388758,40,55222.769233
29.714724,40,55240.99955
29.738273,40,55259.275813
33.282381,40,55277.479472
29.900112,40,55295.804162
33.218539,40,55314.079506
28.42583,40,55332.388993
32.838973,40,55350.691296
29.783333,40,55368.95178
31.143501,40,55387.261813
30.059841,40,55405.396399
29.623786,40,55423.776706
30.608259,40,55442.038419
33.075967,40,55460.344605
30.542936,40,55478.605211
19.020419,26,55490.467489
29.349634,40,55508.623516
31.171892,40,55530.981841
30.208608,40,55549.329675
29.857387,40,55567.519404
32.453899,40,55585.87048
32.395763,40,55604.178206
29.873528,40,55622.490748
29.164684,40,55640.76915
30.904469,40,55659.074442
28.123514,40,55677.437608
30.058182,40,55695.683768
32.925264,40,55713.877106
28.428185,40,55732.118537
29.340454,40,55750.293984
29.445373,40,55768.586886
32.030828,40,55786.836863
31.275028,40,55805.037151
30.662968,40,55823.306864
33.519878,40,55841.401915
31.179554,40,55859.496275
32.956712,40,55877.662764
29.634772,40,55895.813657
28.421943,40,55913.920247
31.817606,40,55932.155727
32.616651,40,55950.362213
28.837482,40,55968.69987
32.627552,40,55986.988233
33.122062,40,56005.319184
29.740207,40,56023.646383
28.570827,40,56042.031641
31.919526,40,56060.325869
29.780811,40,56078.606375
33.041155,40,56096.842771
31.886401,40,56115.143313
32.933824,40,56133.356558
29.489226,40,56151.715089
29.975528,40,56169.944185
14.066951,19,56178.595938
29.660446,40,56196.933714
30.052704,40,56215.213227
29.607742,40,56233.371868
32.071782,40,56251.618781
30.012091,40,56269.77222
31.717816,40,56288.129941
28.877705,40,56306.258282
29.544313,40,56324.701275
30.799243,40,56343.14505
13.948895,19,56351.895581
29.253484,40,56370.16741
31.720498,40,56388.415164
30.673347,40,56406.868701
32.493995,40,56425.228206
31.931319,40,56443.460878
30.152257,40,56465.647187
32.290812,40,56483.886287
29.073531,40,56502.159081
29.728162,40,56520.362592
29.888335,40,56538.671335
31.992377,40,56556.899055
33.418674,40,56575.199493
30.84694,40,56593.484721
31.490229,40,56611.503306
28.130833,40,56629.786385
29.794249,40,56647.906258
30.013439,40,56666.227178
29.82136,40,56684.479428
29.358739,40,56702.694973
30.586561,40,56720.888422
29.529741,40,56739.269932
19.543869,27,56751.563542
33.455485,40,56769.889281
33.025434,40,56788.341753
33.503743,40,56806.639245
31.578196,40,56824.966762
29.753854,40,56843.180769
32.894125,40,56861.458947
29.72723,40,56879.893324
29.854277,40,56898.242573
32.134575,40,56916.690062
29.879295,40,56934.909599
30.834039,40,56953.053018
32.679666,40,56971.338386
29.4865,40,56989.599584
32.987,40,57007.850003
32.087968,40,57025.996614
29.073365,40,57044.209071
30.14371,40,57062.484528
31.271962,40,57080.728648
31.637048,40,57098.983026
31.895625,40,57117.283113
28.70793,40,57135.685841
33.183914,40,57154.036387
29.306564,40,57172.245167
32.611531,40,57190.635189
29.290622,40,57208.856345
33.368284,40,57227.101043
32.557315,40,57245.251144
28.928632,40,57263.644561
33.145453,40,57281.803915
29.090572,40,57300.15132
32.112595,40,57318.435252
28.929509,40,57336.675681
29.031726,40,57355.048678
29.475918,40,57373.347672
30.568685,40,57391.50919
27.68889,40,57413.753753
30.01467,40,57432.170957
28.360499,40,57450.534062
30.621833,40,57468.900027
30.935815,40,57487.232262
33.663552,40,57505.503428
30.657064,40,57523.770176
29.255222,40,57542.018415
29.941895,40,57560.379921
30.06457,40,57578.662763
30.001282,40,57596.868359
32.341571,40,57615.210238
33.197901,40,57633.450443
29.811262,40,57651.832798
33.298866,40,57670.049394
30.327753,40,57688.270347
31.761298,40,57706.532343
29.484706,40,57724.903136
31.590956,40,57743.159349
33.406913,40,57761.482542
31.892894,40,57779.897835
30.242193,40,57797.973871
28.413939,40,57816.242748
29.908802,40,57834.317538
32.25478,40,57852.444583
31.56625,40,57870.624164
30.309233,40,57888.788659
33.445524,40,57907.151069
29.53916,40,57925.340006
31.941241,40,57943.517522
33.029085,40,57961.835694
31.272077,40,57980.216799
30.198915,40,57998.481776
30.410171,40,58016.843789
29.561364,40,58035.158727
32.400791,40,58053.407489
31.374857,40,58071.796275
32.81281,40,58089.93118
31.325576,40,58108.123148
18.789747,25,58119.451108
32.754466,40,58137.80017
33.050351,40,58156.146383
31.082195,40,58174.379809
29.577551,40,58192.742825
32.840184,40,58211.00298
32.015202,40,58229.331018
33.682417,40,58247.530509
30.486464,40,58265.725928
32.801567,40,58284.007655
30.005755,40,58302.349151
29.279951,40,58320.532707
31.875348,40,58342.865588
29.753352,40,58361.219129
31.698789,40,58379.521088
32.132839,40,58397.805466
30.170145,40,58416.142978
30.373789,40,58434.288639
33.16273,40,58452.600321
32.911362,40,58470.815393
29.010561,40,58489.149847
31.93925,40,58507.407204
31.502973,40,58525.738902
29.93206,40,58544.01366
32.244723,40,58562.318977
32.562235,40,58580.500812
32.920429,40,58598.941421
33.276805,40,58617.199828
30.144721,40,58635.417638
33.474475,40,58653.759087
32.351029,40,58671.949009
31.640873,40,58690.307027
32.190909,40,58708.598724
33.349001,40,58726.677547
29.916175,40,58745.07712
32.158175,40,58763.463938
32.119833,40,58781.759317
29.447214,40,58799.955951
31.968474,40,58818.308209
32.061746,40,58836.504896
30.256725,40,58854.862278
30.924848,40,58873.061183
28.312151,40,58891.330357
30.16031,40,58909.644571
30.14591,40,58927.858229
29.292116,40,58946.047571
30.665997,40,58964.294026
30.840305,40,58982.513588
29.096465,40,59000.86451
32.385188,40,59018.930427
28.854373,40,59037.318295
31.907132,40,59055.607442
32.995692,40,59073.748125
32.279321,40,59091.886979
31.364232,40,59110.25513
29.480974,40,59128.706221
33.6635,40,59147.000965
32.817396,40,59165.187262
29.181103,40,59183.563504
32.549048,40,59201.6412
32.311915,40,59219.91918
30.024354,40,59238.130966
32.734361,40,59256.414208
29.502337,40,59274.798436
33.645016,40,59297.163399
33.630188,40,59315.438272
33.247222,40,59333.772418
28.717386,40,59351.949655
30.861056,40,59370.259788
32.631527,40,59388.484583
31.039041,38,59405.765632
30.141981,40,59424.068952
30.766401,40,59442.408101
33.100662,40,59460.707141
29.451708,40,59478.95812
29.874489,40,59497.139254
31.090121,40,59515.464796
33.676523,40,59533.705639
29.007947,40,59551.971904
33.452138,40,59570.260286
30.033933,40,59588.526293
28.525537,40,59606.818747
31.22922,40,59625.000612
30.278094,40,59643.310801
28.977501,40,59661.486956
30.174372,40,59679.828135
29.271923,40,59697.941217
28.211391,40,59716.228822
33.265622,40,59734.360506
33.648092,40,59752.533275
30.687921,40,59770.805561
28.792583,40,59789.226955
32.993883,40,59807.483449
31.660048,40,59825.846672
32.438706,40,59844.012705
29.326903,40,59862.211678
29.315903,40,59880.453605
28.40511,40,59898.648612
29.122185,40,59917.06767
32.51717,40,59935.331054
29.334688,40,59953.576166
30.485473,40,59971.94687
32.220929,40,59990.29259
28.847441,40,60008.926201
30.735465,40,60027.248588
32.245112,40,60045.406262
31.996476,40,60063.595288
31.972385,40,60081.860174
28.844403,40,60100.214742
30.216987,40,60118.44152
32.010107,40,60136.74615
29.316723,40,60154.988002
32.732016,40,60173.213018
30.20868,40,60191.370471
29.571903,40,60209.599648
